"id","store_name","phone_number","logo"
83758,POP MART-LB03,"17812182044",https://m.zhcommerce.com/zimgs/17200f984c094678083d2f04bf18467b?f=PNG&time=1560927995805
83759,陌森Molsion,"17721311700",https://m.zhcommerce.com/zimgs/ebde9f5eeb79de0c2e87255e5e2356f1?f=PNG&time=1651302905246
83762,L'OREAL,"0371-88916780",https://m.zhcommerce.com/zimgs/11abb0ceab52112a405eb92adca35b60?f=JPEG&time=1635823532528
83764,大疆 LB05,"15238570151",https://m.zhcommerce.com/zimgs/6693761f970062d437adb6a6f1980f32?f=JPEG&&time=1719199509882&width=480&height=480
83768,CASIO （LB-K63）,"115136413166",https://m.zhcommerce.com/zimgs/1e9fc25993db2c1ea3897dc6dcbd26f3?f=PNG&time=1712025246601&width=480&height=480
83772,卡游-LB_K24、LB_K25,"15238321043",https://m.zhcommerce.com/zimgs/900853def8bc4bcadd7f8444b4eb0bdf?f=JPEG&&time=1719883462862&width=480&height=480
83791,一只酸奶牛-L8-M02,"19337153079",https://m.zhcommerce.com/zimgs/6e5ac44f2f46e2eea96021ca91f355ee?f=JPEG&&time=1722590830724&width=480&height=480
83803,薛记炒货LB-K06+07,"",https://m.zhcommerce.com/zimgs/630181df9487b1ff3912748434d351b5?f=JPEG&&time=1751281241428&width=480&height=480
83811,羽西,"",https://m.zhcommerce.com/zimgs/b91bd3a34c9e5d11428dec072f6c1338?f=JPEG&&time=1748328646985&width=480&height=480
83814,一撇一捺,"18946527082",https://m.zhcommerce.com/zimgs/da59cd2a9963a655f7f3881e0e4b5bab?f=JPEG&time=1560863966485
83819,薇诺娜,"15237170137",https://m.zhcommerce.com/zimgs/5e9d4e72dc87286e97dce58b97e5068c?f=JPEG&time=1665975049626&width=480&height=480
83822,詹记-LB-K18,"18870686930",https://m.zhcommerce.com/zimgs/65a937e7c93a1360beeeb33e24d2f4c8?f=JPEG&&time=1719198421509&width=480&height=480
83824,阿平牛杂-LB-K22,"15639795113",https://m.zhcommerce.com/zimgs/b6c6afadd8cd1d184fda687576f1ca70?f=JPEG&time=1712627734766&width=480&height=480
83828,红薯软软,"13017656238",https://m.zhcommerce.com/zimgs/cd04a546b19790feffa2c1dedb48fec2?f=JPEG&time=1715790128994&width=480&height=480
83833,福前小酥肉,"",https://m.zhcommerce.com/zimgs/20f1713c8760cfb07b1c67a2a1ab5a84?f=JPEG&&time=1751268345898&width=480&height=480
83835,薇薇安,"13071901565",https://m.zhcommerce.com/zimgs/dd9040f989d2c3fe497623b9d833f48d?f=JPEG&time=1652845722850
83839,和米堂,"18838176357",https://m.zhcommerce.com/zimgs/4ef60d026c889bc00bd338d775b50de4?f=JPEG&&time=1720666361814&width=480&height=480
83842,热热热干面,"18625555995",https://m.zhcommerce.com/zimgs/c8e9632509df94358dcbadec825f26d4?f=PNG&time=1560847601562
83845,阿甘锅盔-LB-K20,"18568992116",https://m.zhcommerce.com/zimgs/440d96941759e7dbf4b5dda8e79a3ebe?f=PNG&&time=1722588907849&width=480&height=480
83849,K22,"18639577937",https://m.zhcommerce.com/zimgs/fb06db416f348405a789be4d30721101?f=JPEG&time=1714357388154&width=480&height=480
83855,极拉图,"15136725672",https://m.zhcommerce.com/zimgs/6ece6667b39fc219372ef156333cc750?f=JPEG&time=1669899458604&width=480&height=480
83858,一起凉皮吧,"18638798472",https://m.zhcommerce.com/zimgs/ec123fea8c0603e1d5fbda34ef9f0cc7?f=JPEG&time=1689127821151&width=480&height=480
83862,MCM,"61288156",https://m.zhcommerce.com/zimgs/55f93c726834df9540e9ecf8cb9e8e64?f=PNG&&time=1757218488184&width=480&height=480
83864,阿玛尼,"037163287065",https://m.zhcommerce.com/zimgs/6122fcb3d0d421c0ede1994f16fe0a87?f=PNG&time=1537953505842
83865,雅诗兰黛,"037161655108",https://m.zhcommerce.com/zimgs/b426f478a6c8dd050bcd4e70f07b5e1f?f=PNG&time=1540969102295
83867,娇韵诗,"037160926110",https://m.zhcommerce.com/zimgs/d9356453b3d3d49c83af0460a0d54e5e?f=JPEG&time=1666921995394&width=480&height=480
83868,WHOO,"037161655896",https://m.zhcommerce.com/zimgs/c82b24648d846ada62a524cfddb014f5?f=PNG&time=1535956172256
83870,兰蔻,(0371) 6329 8373,https://m.zhcommerce.com/zimgs/d9f959c3b84364d866c946c948229a31?f=JPEG&time=1559629347135
83871,Tom Ford,"16603808606",https://m.zhcommerce.com/zimgs/792f990c1e90382dfc6594febeb45544?f=PNG&time=1642556181442
83872,圣罗兰,"037161656568",https://m.zhcommerce.com/zimgs/b6fb43adf9b1f87956c2d2fedb9039cb?f=JPEG&time=1584172784396
83874,Guerlain,"0371-65050989",https://m.zhcommerce.com/zimgs/f13b1c8dffc22443c676ef9b5f013822?f=JPEG&time=1688175422540&width=480&height=480
83875,Skin Ceuticals,"0371-56886263",https://m.zhcommerce.com/zimgs/b8b671f765f9f0b2a2798b1dcade5633?f=PNG&time=1635405721433
83876,Nars,"18538707373",https://m.zhcommerce.com/zimgs/be84d95722cbe247f2e21d9f6bcd4ebe?f=JPEG&&time=1722219427330&width=480&height=480
83877,Givenchy,"037188915736",https://m.zhcommerce.com/zimgs/f8ff22e0b36e7710e5efb67aabbdcfc3?f=JPEG&time=1622545513558
83878,M.A.C,"13783635227",https://m.zhcommerce.com/zimgs/124d5165c29209ffe56e46dc6ff212be?f=JPEG&time=1715137789837&width=480&height=480
83880,芭比波朗,"037161655589",https://m.zhcommerce.com/zimgs/8a2091cfdfdb05b14312987ae1ffb5bc?f=JPEG&time=1559629410868
83882,CPB,"037161172766",https://m.zhcommerce.com/zimgs/f207aac5d16810d00859fdbabd84d020?f=PNG&time=1560922539716
83883,海蓝之谜,"037161651811",https://m.zhcommerce.com/zimgs/47588b89bb428192bc158c33f3501ba0?f=PNG&time=1560926851360
83884,香奈儿,"037161285277",https://m.zhcommerce.com/zimgs/67643cc6c2f84d3faf48eecc51df30dc?f=JPEG&time=1660197480015&width=480&height=480
83885,莱珀妮,"037161656383",https://m.zhcommerce.com/zimgs/a7c749f3ba6823f8eb3877f6ff8b6edd?f=JPEG&time=1647306652935
83886,Sisley,"",https://m.zhcommerce.com/zimgs/742b23cb216250962be6731dfc9707c2?f=JPEG&time=1633052889049
83889,L'OCCITANE,"037161656996",https://m.zhcommerce.com/zimgs/3ac47c2938408cc09faffd0f9dec9ee9?f=JPEG&time=1592038185879
83890,Valmont,"0371-86106277",https://m.zhcommerce.com/zimgs/8007eaed3c96d5805cd3091fb98edeed?f=JPEG&time=1622112849096
83892,资生堂,"021-50366673",https://m.zhcommerce.com/zimgs/945107c8d7e439fc78b7c3582ea94bb2?f=PNG&time=1560922391115
83893,MICHAEL KORS,"18538091025",https://m.zhcommerce.com/zimgs/53baaa12265ff97701a9300ab1217694?f=JPEG&time=1703655683259&width=480&height=480
83894,SKII,"037167121278",https://m.zhcommerce.com/zimgs/2076b5b9435092984153c2e7c95d60f5?f=JPEG&time=1592290597584
83895,Hugo Boss,"13783597767",https://m.zhcommerce.com/zimgs/82c7e8abcd0f840ebabb232c1ce96911?f=JPEG&time=1710072953856&width=480&height=480
83898,Luxemporium,"18638277763",https://m.zhcommerce.com/zimgs/dee4bbad839f061d7ce81720b6a30e28?f=JPEG&time=1593655785288
83902,IWC,"61312199",https://m.zhcommerce.com/zimgs/e792208c0068e026a2e5fba8d60073bb?f=PNG&time=1541748968433
83903,Cartier ,"037161312199",https://m.zhcommerce.com/zimgs/c1b00f8f6f10efb807f4ac40113f84b7?f=JPEG&time=1577668704122
83904,OMEGA,"17303719995",https://m.zhcommerce.com/zimgs/348fd7453026f47bef6eff50fd4310d3?f=JPEG&time=1534995267208
83905,Bally,"1393856412",https://m.zhcommerce.com/zimgs/c4275c388f99152c084280c2dc8db8e8?f=JPEG&&time=1718517019383&width=480&height=480
83906,COACH,"037188920656",https://m.zhcommerce.com/zimgs/1da4399b039b6198b98605113178d752?f=PNG&time=1560923622865
83908,RADO,"037161312199",https://m.zhcommerce.com/zimgs/19854a6a1eadca9d4917eb5bc3089d42?f=JPEG&time=1593653858085
83912,Acqua di Parma,"037155906638",https://m.zhcommerce.com/zimgs/b2979dab230a0882a6fa666bc6d5dca9?f=JPEG&&time=1738046944311&width=480&height=480
83914,迪奥,"037161652977",https://m.zhcommerce.com/zimgs/82d696dae65899840cdf76bb9d29eda8?f=JPEG&&time=1730517366965&width=480&height=480
83916,MISS SIXTY,"61655611",https://m.zhcommerce.com/zimgs/8c4b289f0a2747e1cac9b434d52d6e79?f=JPEG&time=1593486265128
83918,Sam Edelman L3-S11,"15515920891",https://m.zhcommerce.com/zimgs/a1e656e4b4fa61c9316acc4016b0712a?f=PNG&time=1691139195781&width=480&height=480
83919,IRO,"13653846157",https://m.zhcommerce.com/zimgs/c0ef3cf4e9c7bd36be40ee5cbdbec287?f=PNG&time=1652421325627
83925,LEGO(3F),"66675305",https://m.zhcommerce.com/zimgs/8643a02f9bee3851fb92e5bae638f938?f=JPEG&time=1682306059921&width=480&height=480
83927,EVISU,"15690877719",https://m.zhcommerce.com/zimgs/4f7037a4d0b574a885e687e01513b100?f=JPEG&time=1711591043803&width=480&height=480
83928,Calvin Klein Jeans,"15838270971",https://m.zhcommerce.com/zimgs/89567d68a5916aec44e5cdabeafb4933?f=JPEG&time=1660210211949&width=480&height=480
83932,中国李宁-L413,"15037990630",https://m.zhcommerce.com/zimgs/7b523ef72da48e8aeb934afec2788200?f=PNG&time=1672992203568&width=480&height=480
83939,六福-L227B,"13460405306",https://m.zhcommerce.com/zimgs/5de128aadaca70d17f25d85ef3ce5299?f=PNG&time=1560929741011
83943,周大福,"037163469168",https://m.zhcommerce.com/zimgs/3352f8a1e0ebdbd258711c1ebb0c463a?f=JPEG&time=1595922078772
83946,UGG,"13523413146",https://m.zhcommerce.com/zimgs/3ac16e8f3ecf97dca25a3da4a8a7fa9f?f=JPEG&time=1641806851040
83949,PORTS,"037189816056",https://m.zhcommerce.com/zimgs/f83a81e3730c592d9de54bdff4e02125?f=JPEG&time=1536629993676
83955,潮宏基-L2-M03新,"",https://m.zhcommerce.com/zimgs/eaec386e7cc9f13bd6f158e3e68b3ba2?f=JPEG&&time=1751532107453&width=480&height=480
83956,诗普琳-L2_M04,"15037907155",https://m.zhcommerce.com/zimgs/a60cba26cee29f1186fd1a83d0dbe617?f=JPEG&time=1620894313026
83965,代字行,"17630031595",https://m.zhcommerce.com/zimgs/fd25a1c459261957a8bf8c3b5cd4b8fd?f=JPEG&&time=1733619943674&width=480&height=480
83970,爱慕-L328,"037161655622",https://m.zhcommerce.com/zimgs/e8d133e605c606d8e8ced57382e5663e?f=JPEG&time=1535159091889
83971,LESS(新),"18530873901",https://m.zhcommerce.com/zimgs/b903869610b285b35bc99f5de6da50ee?f=JPEG&&time=1729490557908&width=480&height=480
83972,MO&Co.edition,"15290074531",https://m.zhcommerce.com/zimgs/8be48f6b26f9295e7b83822f8d945d18?f=PNG&time=1534686662721
83975,NEIWAI,"18695899816",https://m.zhcommerce.com/zimgs/bbc396ab94347b94a436bd83ce3161a6?f=JPEG&time=1683361913000&width=480&height=480
83978,BELLE-L3_S05,"18039202606",https://m.zhcommerce.com/zimgs/6345f0523a2d62f452978287e2cbe71a?f=JPEG&time=1694655769129&width=480&height=480
83979,COVEN GARDEN（新）,"13526866513",https://m.zhcommerce.com/zimgs/47944a7bf98f4a7ea59b7cc25d592f55?f=JPEG&time=1693811683174&width=480&height=480
83981,Nike young（5F）,"13673993266",https://m.zhcommerce.com/zimgs/01de4ec6588f33bcdb0d537d003d4736?f=PNG&time=1695696661897&width=480&height=480
83986,GELATO PIQUE,"17319753657",https://m.zhcommerce.com/zimgs/48b8b03102184f746aa6cd9836a9eafc?f=JPEG&time=1649990732868
83987,STACCATO-L3_S01,"18538075078",https://m.zhcommerce.com/zimgs/4b0ddf1049080bf9214fcf4d719a8116?f=JPEG&time=1693811071381&width=480&height=480
83989,奇檬子,"18838999565",https://m.zhcommerce.com/zimgs/220870903054c88022b6e295023eab39?f=PNG&time=1560843891518
83994,渔,"13949070317",https://m.zhcommerce.com/zimgs/c0b8fc12e843afdd513c94cf059a176c?f=JPEG&time=1605681301866
83999,"2平米（5F）","138 3818 0134",https://m.zhcommerce.com/zimgs/680db9f0d5b436ae6ef58a62cb4518b7?f=JPEG&time=1707183923214&width=480&height=480
84003,DISSONA(新),"18737178792",https://m.zhcommerce.com/zimgs/63e6d470c0c4cde8431693495521ffc2?f=JPEG&time=1694655921609&width=480&height=480
84016,FILA KIDS (5F),"15039070693",https://m.zhcommerce.com/zimgs/48dc945535429e8f067de897879d37b6?f=PNG&time=1695696351325&width=480&height=480
84020,DR.KONG(5F),"0371-89831653",https://m.zhcommerce.com/zimgs/d15b110cf5b752c4339c8317c3846190?f=PNG&time=1695694364247&width=480&height=480
84024,JNBY(新),"13783560171",https://m.zhcommerce.com/zimgs/5a83fb2baaa401c84675d6df44297d8f?f=JPEG&time=1693812052279&width=480&height=480
84025,MO&CO.,"15194566686",https://m.zhcommerce.com/zimgs/8bfbf59c2002b857b1bec1d92182b5b9?f=PNG&time=1534666277062
84026,木九十,"13782855416",https://m.zhcommerce.com/zimgs/757762497f5af7ff8090865facf34040?f=JPEG&time=1539400765673
84031,ANYSPOOR,"13283838572",https://m.zhcommerce.com/zimgs/d3cb52264a7e3fa81f7c1b9f72ee81c6?f=JPEG&time=1649992910402
84033,Teenie Weenie,"13673368226",https://m.zhcommerce.com/zimgs/b64d5f9eabe51ea6336b7f4504a21655?f=PNG&time=1650601190606
84038,H'S ZONE+,"15713873213",https://m.zhcommerce.com/zimgs/bd80f51bff7e65ab53d46f229efbf9fe?f=JPEG&time=1605676507217
84040,MLB,"18236918805",https://m.zhcommerce.com/zimgs/0b5aeb3360466c9665134e01073b0348?f=JPEG&time=1688187485309&width=480&height=480
84041,d'zzit（新）,"19059516987",https://m.zhcommerce.com/zimgs/91fd861342a234050332c19ba897a8ef?f=JPEG&time=1713514104210&width=480&height=480
84043,JAKET,"15093259705",https://m.zhcommerce.com/zimgs/1120a513b40fb1d28d4e74a3f13fa53c?f=JPEG&time=1634281690229
84047,Rebecca,"13146243000",https://m.zhcommerce.com/zimgs/21df395cac6f1e8d41081449772b1d47?f=JPEG&time=1566182162834
84050,LALABOBO,"0371-66670813",https://m.zhcommerce.com/zimgs/bb478c8a11adfb9acd43a88f353d53e3?f=JPEG&time=1577434325797
84051,chuu（新）,"15517502080",https://m.zhcommerce.com/zimgs/2f627e14469ea6712fff4bad778456a9?f=PNG&time=1688187518859&width=480&height=480
84052,歌莉娅,"18736245809",https://m.zhcommerce.com/zimgs/5903e7cb4531462c79e1b7395afb3b73?f=PNG&time=1668673257936&width=480&height=480
84060,蕉下,"15514766588",https://m.zhcommerce.com/zimgs/fe738c3c8de4bddefc663b554e5bc827?f=PNG&time=1654500035682
84067,ADIDAS,"13673973005",https://m.zhcommerce.com/zimgs/ca04bcca6b3d372b312c1452c9bfc4e0?f=PNG&time=1663825700988&width=480&height=480
84068, NIKE,"18638139510",https://m.zhcommerce.com/zimgs/93a9def7a53a19670b3cf032574f4232?f=PNG&time=1663825855382&width=480&height=480
84069, VANS,"18595852564",https://m.zhcommerce.com/zimgs/6f461e75e2cd288fc9a098fcd30c2dbe?f=JPEG&time=1663818838375&width=480&height=480
84070,ASICS,"",https://m.zhcommerce.com/zimgs/19b8b8d94fdf80e1ca7eba45ff0cd52f?f=JPEG&&time=1751533751714&width=480&height=480
84071,Under Armour,(0371) 6165 2890,https://m.zhcommerce.com/zimgs/5a05b461ff326defa800c9b4efec8e4c?f=JPEG&time=1535008214410
84072,SKECHERS,"18703831323",https://m.zhcommerce.com/zimgs/eb599447e5918bae048a9e14fff0fa64?f=JPEG&time=1660199712553&width=480&height=480
84076, Timberland,"18595928171",https://m.zhcommerce.com/zimgs/dfcb3de362ef70a51bcb0b5631a41ed2?f=PNG&time=1663818552906&width=480&height=480
84079,FILA,"15939006043",https://m.zhcommerce.com/zimgs/f98c10085a0d33204a43c7597202bdd0?f=PNG&time=1595155375747
84080,COLUMBIA,"65732872",https://m.zhcommerce.com/zimgs/ea23ac9ef903bfe0b08bc22c5c672e77?f=PNG&time=1560916217325
84082,LEVI'S,"",https://m.zhcommerce.com/zimgs/651baaa3eca99921d5b1b87d05a5c2c3?f=JPEG&&time=1746683555950&width=480&height=480
84086,DESCENTE,"",https://m.zhcommerce.com/zimgs/538c3125b63365cb41d413e29346b243?f=JPEG&&time=1751531636510&width=480&height=480
84091, ANTA,"18595308117",https://m.zhcommerce.com/zimgs/3021d9ef3f48c262e7ac8a71e83ad239?f=PNG&time=1691631323511&width=480&height=480
84093, CALLISTO,"13673370946",https://m.zhcommerce.com/zimgs/bd1813a52da0722600f52ebdf56ac4ad?f=PNG&time=1688786853972&width=480&height=480
84094, CONVERSE,"15238616771",https://m.zhcommerce.com/zimgs/50c5959ed1ab991f639c94f91ce3e611?f=PNG&time=1663826089842&width=480&height=480
84100,LENOVO-L6_S7,"0371-67118682",https://m.zhcommerce.com/zimgs/cce2a84cf6aea7e128e008f679036962?f=PNG&time=1694515623113&width=480&height=480
84103,坚果L6_S6,"15538097593",https://m.zhcommerce.com/zimgs/ce640e56ff148d3e256bfa2605b81e4d?f=PNG&time=1694515667842&width=480&height=480
84106,TINECO-L6_S3,"18530089059",https://m.zhcommerce.com/zimgs/9e610a460ee3f6a30426f53011fce880?f=PNG&time=1694515722130&width=480&height=480
84107,飞利浦 L6_S9,"18236903318",https://m.zhcommerce.com/zimgs/0f4668f6adf7d77119740606a0851104?f=PNG&&time=1730945261896&width=480&height=480
84114,BOY LONDON,"",https://m.zhcommerce.com/zimgs/310588c02151787b03f649ff1bf153eb?f=JPEG&&time=1751534462765&width=480&height=480
84115,Samsonite,"0371-55686068",https://m.zhcommerce.com/zimgs/2dd75d7349e1d64a034d3047dc3b4b9a?f=JPEG&time=1594283969909
84119,TRENDIANO,"15672817332",https://m.zhcommerce.com/zimgs/b418629de5d79807745c350fe13bf69d?f=JPEG&time=1634281831948
84122,OGAWA,"15225721898",https://m.zhcommerce.com/zimgs/3971fb1fcaff77e2e1d51b70b572859d?f=JPEG&time=1601612736066
84124,艾美家,"17796555270",https://m.zhcommerce.com/zimgs/7c92acdfa0f121d7f3fd58c62ad522c2?f=JPEG&time=1608964694817
84126,ZIOZIA,"15890686920",https://m.zhcommerce.com/zimgs/29bd75c7798108c236e3078ff50f3d21?f=JPEG&time=1683360967925&width=480&height=480
84129,速写,"15737133235",https://m.zhcommerce.com/zimgs/143e991104f0ec8895840ec7925515b2?f=PNG&time=1627879891861
84134,DysonLB13,"15136027791",https://m.zhcommerce.com/zimgs/2eb6dc8196ee643ebfc187e90b616938?f=JPEG&&time=1719890127646&width=480&height=480
84135,双立人,"",https://m.zhcommerce.com/zimgs/cb767611e4de1909819f86c3f0e7c899?f=JPEG&&time=1751534559647&width=480&height=480
84136,Breo,"15093184823",https://m.zhcommerce.com/zimgs/f7564dde037427262c2c7b6b11cc90b4?f=JPEG&time=1620374078129
84140,LILANZ ,"0371-57190629",https://m.zhcommerce.com/zimgs/d28137d08a54a2928c268ec11dd19698?f=JPEG&time=1592207861252
84141,STARTER,"18903718513",https://m.zhcommerce.com/zimgs/38b54cba63c38c9dfc0da5696aa45167?f=PNG&time=1650600832652
84150,豆捞坊,(0371）63247068,https://m.zhcommerce.com/zimgs/60bd6810b5636f8fa0c252a318f56155?f=JPEG&time=1686291251994&width=480&height=480
84156,山云树,"17763542544",https://m.zhcommerce.com/zimgs/58269a8292cc60b05891959ad0d2f85e?f=JPEG&time=1615296626022
84170,玩米匠-LB_S42,"15038299927",https://m.zhcommerce.com/zimgs/7ee63956caec27dd55b0027b6e00ff7e?f=PNG&time=1586437774220
84179,胖哥俩,"0371-55636696",https://m.zhcommerce.com/zimgs/c92f0e91d2a8bd50269fcd96c29051e4?f=PNG&time=1686906751071&width=480&height=480
84180,米村拌饭,"19138184566",https://m.zhcommerce.com/zimgs/7d494588751ee55ad1df5b3ec8214dc3?f=JPEG&time=1639036115695
84185,阿三生煎,"15617830051",https://m.zhcommerce.com/zimgs/bf5729f59e03caf83f4a3d9dfeaeaf85?f=JPEG&time=1566809149316
84188,花千代-L8-S6B,"0371-65561100",https://m.zhcommerce.com/zimgs/ec67fd9d7a1883f3bc04055727b8aaa4?f=PNG&&time=1717149741696&width=480&height=480
84189,太子浓心,"15517565653",https://m.zhcommerce.com/zimgs/17473e38929d798c0e82244b44e527d1?f=JPEG&time=1604647504034
84191,果雨吧-L809B,"0371-5512996",https://m.zhcommerce.com/zimgs/002653cd3ab915885f95c1be14e919d7?f=PNG&&time=1719198342198&width=480&height=480
84194,特斯拉二楼,"13255967233",https://m.zhcommerce.com/zimgs/a61ee3f18b796d3d4eb0dab54bdfc178?f=JPEG&time=1711589927769&width=480&height=480
84198,LAMY (3F),"17563329606",https://m.zhcommerce.com/zimgs/5f6fd71d4cf8877ec88108548db93ba9?f=JPEG&time=1696665293102&width=480&height=480
84199,voyah,"",https://prod-deployment.oss-cn-hangzhou.aliyuncs.com/bcb04fae842d48ea8d28168631b37d38_voyah.jpg
84209,爪爪先生,"",https://prod-deployment.oss-cn-hangzhou.aliyuncs.com/b04d51a2700a412199ffa44d78cbf067_wechat_2025-06-23_195950_895.png
84210,海马体照相馆,"0371-88920660",https://m.zhcommerce.com/zimgs/caf71a4859e88c7d350300a9346dc26c?f=JPEG&time=1614139005754
84213,西西弗,"037155591281",https://m.zhcommerce.com/zimgs/3baa9bb9c8d72583034bf8daabb4c187?f=JPEG&time=1533897728977
84214,酷乐潮玩,"15690855864",https://m.zhcommerce.com/zimgs/16118795e16005ed30e46bdae4bd0120?f=JPEG&time=1715140147946&width=480&height=480
84216,MELAND,"19939508183",https://m.zhcommerce.com/zimgs/4f5d32619518f4e06c5ddcfa6eac104a?f=PNG&time=1684403279809&width=480&height=480
84228,CGV影城,"19939700473",https://m.zhcommerce.com/zimgs/721fbe599bff6d7a3e6f25f1d66a5ca6?f=PNG&time=1541208048507
84237,曼玉,(0371)61652221,https://m.zhcommerce.com/zimgs/984a849bdb86de6ae7381826c6a33209?f=PNG&time=1560849433093
84239,巴奴,"0371-53361577",https://m.zhcommerce.com/zimgs/c55e111ff0f04ff7d87f80625324d243?f=JPEG&time=1560849257507
84240,太二酸菜鱼,"18595748670",https://m.zhcommerce.com/zimgs/b4d7c884b8c27819922471263de5db6f?f=JPEG&time=1566372739918
84241,鲜芋仙,(0371)55905918,https://m.zhcommerce.com/zimgs/8aac52c9840365f31b8581e33abb7042?f=JPEG&&time=1746770143694&width=480&height=480
84251,小米之家,"",https://m.zhcommerce.com/zimgs/d84284e8dc06f59268dbe5d578b34f04?f=JPEG&time=1695613497008&width=480&height=480
84252,Charles&Keith,"17337123781",https://m.zhcommerce.com/zimgs/629ed003c01473b16989e5fcd233a4d5?f=JPEG&time=1660267343740&width=480&height=480
84260,阿吉豆L429,"13213122621",https://m.zhcommerce.com/zimgs/bff95e096377d5c304d3e20baafa086b?f=JPEG&time=1701660762192&width=480&height=480
84261,喜乐,"",https://m.zhcommerce.com/zimgs/80204cf4767001008550d0b92d9138a8?f=JPEG&&time=1751268307771&width=480&height=480
84591,礼部,"",https://m.zhcommerce.com/zimgs/7d24cda21e8ad8fef79bdb2b723853cd?f=PNG&&time=1738829281534&width=480&height=480
84592,神盾局,"15538103397",https://m.zhcommerce.com/zimgs/53592dd8774d4961b5437ec7f00af992?f=PNG&time=1690177237367&width=480&height=480
84597,裕莲茶楼,"15978767997",https://m.zhcommerce.com/zimgs/41c16757edca5e4f34d2f8d90983a87d?f=JPEG&&time=1719210518020&width=480&height=480
84600,MINISO LB08A,"18703636521",https://m.zhcommerce.com/zimgs/60362ba32be862dc2d389cc3486f9f75?f=PNG&&time=1723712061078&width=480&height=480
84601,"3CE","13271551031",https://m.zhcommerce.com/zimgs/d292727c41e8cb06c68a04bf1c266e97?f=PNG&time=1663914181585&width=480&height=480
84604,优衣库LB17-19,"15137183805",https://m.zhcommerce.com/zimgs/9da37b3209d33f2dbde864f6b706f626?f=JPEG&time=1703146648984&width=480&height=480
84606,IPSA,"17838196143",https://m.zhcommerce.com/zimgs/a905933b2d6d3a6c7ddf29efcfe1caea?f=JPEG&time=1714967836664&width=480&height=480
84608,Shu Uemura,"15515980323",https://m.zhcommerce.com/zimgs/20d09013c15a6ee288855025ad555245?f=JPEG&time=1706584893579&width=480&height=480
84609,RiotLILY,"15836689625",https://m.zhcommerce.com/zimgs/1de90cb888da90980c280fcf49bde0e3?f=JPEG&time=1705221049269&width=480&height=480
84611,COODOO,"",https://m.zhcommerce.com/zimgs/0bcd3332bfb6a96dd6a8706f6e2d9d77?f=JPEG&&time=1757929524550&width=480&height=480
84633,九色云,"",https://m.zhcommerce.com/zimgs/8a77a801fef8fd1e93995d11d25c9947?f=JPEG&&time=1749632492790&width=480&height=480
84635,老盐季,"",https://m.zhcommerce.com/zimgs/ff9ac9d46093ad39f476879ca1122ecb?f=JPEG&&time=1751280932072&width=480&height=480
84637,柠季-L713A,"",https://m.zhcommerce.com/zimgs/6b7ad2bfa19f7c161d9a02aaf613f011?f=JPEG&&time=1751268145179&width=480&height=480
84641,兰熊鲜奶,"",https://m.zhcommerce.com/zimgs/5ee9256d4ddde950bcf2c50ab61cee27?f=JPEG&&time=1751268617703&width=480&height=480
84642,矢量咖啡,"13598805656",https://m.zhcommerce.com/zimgs/c75893d2055a98728daf92747b5a8c5b?f=JPEG&time=1539070246671
84643,PUMA-L623,"",https://m.zhcommerce.com/zimgs/85fac1ba48e1743a73942a3d263cdfd3?f=JPEG&&time=1751534767461&width=480&height=480
84644,吾贵伦LBK51,"",https://m.zhcommerce.com/zimgs/5cf04abf6692497a9d59a280eaed2c59?f=JPEG&&time=1752745764531&width=480&height=480
84646,米缇尼8F,"",https://m.zhcommerce.com/zimgs/fbfe52a4aa156e08c8fe5324f097cb44?f=JPEG&&time=1749632527021&width=480&height=480
84649,湊湊,(0371)86170629,https://m.zhcommerce.com/zimgs/18780476968a41ed4f40d83f1b6385d9?f=PNG&time=1560849028572
84654,蔚来/NIO-L160,"15203937518",https://m.zhcommerce.com/zimgs/a60a718a4f5962594b0b6c256e522d3a?f=PNG&time=1560924297835
84655,CellCare,"0371-61653277",https://m.zhcommerce.com/zimgs/625c46cb6939d4f1bc46117e2cf503e2?f=JPEG&time=1541589137681
84657,DQ,"0371-67127570",https://m.zhcommerce.com/zimgs/827a87b63005643cc441abdb5c32545f?f=JPEG&time=1560850425450
84658,瑞幸咖啡-L811,"15003868593",https://m.zhcommerce.com/zimgs/5a8d090ac03fa1831a4411d1299afee4?f=JPEG&time=1693810859387&width=480&height=480
84659,织布改衣,"18638236866",https://m.zhcommerce.com/zimgs/1450dd9078c4ec45be8bf873ae9741af?f=JPEG&time=1551429533656
84662,兰湘子-L8-S3,"",https://m.zhcommerce.com/zimgs/e7cd195cb0612e3cf713266ed01ce460?f=JPEG&&time=1747217967527&width=480&height=480
84663,大张精品超市-LB_C20+C21,"",https://m.zhcommerce.com/zimgs/d0bc8ed30764e0e9215705eff7b00782?f=PNG&time=1680759832475&width=480&height=480
84664,胡子大厨,"",https://m.zhcommerce.com/zimgs/49539a592490d9f65bce01d377f52cc5?f=JPEG&&time=1747217993372&width=480&height=480
84668,连杏,"",https://m.zhcommerce.com/zimgs/f7715a3415510e9ac767b19a7cfa92b7?f=JPEG&&time=1745928001470&width=480&height=480
84669,周生生-L231A,"13837109013",https://m.zhcommerce.com/zimgs/ce275667c9e62f2ca9004606ce9e5693?f=JPEG&time=1669574574901&width=480&height=480
84671,BVLGARI BEAUTY,"",https://m.zhcommerce.com/zimgs/4ced65fce8c9bf820bc2353a8a6faf75?f=JPEG&&time=1744611178349&width=480&height=480
84672,南京大牌档,(0371)55010507,https://m.zhcommerce.com/zimgs/a5823f085eaf0f887502f93c429e6b25?f=PNG&time=1637134377320
84674,Hermes Beauty,"",https://m.zhcommerce.com/zimgs/980edd3ac7755dc751c052320e16a26d?f=JPEG&&time=1744611680144&width=480&height=480
84675,益禾堂-LB-K33,"",https://m.zhcommerce.com/zimgs/80e9951c7e6875c04922f8b8c602b0d6?f=JPEG&&time=1751281173300&width=480&height=480
84678,瑞幸咖啡-LB_K11,"191 3978 6572",https://m.zhcommerce.com/zimgs/0454abb236da1e70c329cab7b4664fa9?f=PNG&time=1671592265204&width=480&height=480
84679,Champion,"",https://m.zhcommerce.com/zimgs/fb8345b977f4be852ca7b96e9f12f321?f=JPEG&&time=1751533975143&width=480&height=480
84680,HOKA,"",https://m.zhcommerce.com/zimgs/1ba8dcf84997205bd97446f8754c4b93?f=JPEG&&time=1751531790050&width=480&height=480
84682,就是柠,"18503816677",https://m.zhcommerce.com/zimgs/2cebf7b1090d0926a75d268f96d640ea?f=JPEG&&time=1746771197578&width=480&height=480
84683,嘉士利,"",https://m.zhcommerce.com/zimgs/07dbfad3f4f9bf281196f1a3e7527a6f?f=JPEG&&time=1744249233085&width=480&height=480
84684,爪爪娃娃机（新）,"",https://m.zhcommerce.com/zimgs/d6f5e2b230a800e035239be99ccd1c43?f=JPEG&&time=1752745723611&width=480&height=480
84685,L420-OETZI,"",https://m.zhcommerce.com/zimgs/8893065dc51828fd53705a24685a1e2f?f=JPEG&&time=1744782685651&width=480&height=480
84686,泰芮珠打抛饭,"",https://m.zhcommerce.com/zimgs/8afa306cdaac94b9fa2849958e1e552b?f=JPEG&&time=1751268847537&width=480&height=480
84687,满巍明-LB-H1,"",https://m.zhcommerce.com/zimgs/23e97e31b2d47093645090553a862ef3?f=JPEG&&time=1751269103397&width=480&height=480
84688,霸王茶姬-L135B,"",https://m.zhcommerce.com/zimgs/9986a2c7723abb255737a914f374aab7?f=JPEG&&time=1751269017954&width=480&height=480
84689,RE'VAN,"18703634054",https://m.zhcommerce.com/zimgs/7debe0616a39136d24110395e15938a4?f=JPEG&time=1660612193410&width=480&height=480
84690,Maje,"13526742215",https://m.zhcommerce.com/zimgs/40fbe3911c74d8259a91e6e7b0b81bde?f=JPEG&time=1669573885316&width=480&height=480
84692,HLA,"",https://m.zhcommerce.com/zimgs/0b9150428371ed2633dc51c92b01690f?f=JPEG&&time=1751534279695&width=480&height=480
84693,Sandro,"0371-53369693",https://m.zhcommerce.com/zimgs/98aea876551c74d6daf0d10ea6b860df?f=JPEG&time=1669574017504&width=480&height=480
84789,头号玩家,"",https://m.zhcommerce.com/zimgs/ed0c4148506318e111441649b159b268?f=PNG&&time=1745894104591&width=480&height=480
84790,犀有物种,"",https://prod-deployment.oss-cn-hangzhou.aliyuncs.com/d39092614099477da48184532781bb38_%E9%BB%98%E8%AE%A4logo.png
84792,本涩,"18603868177",https://m.zhcommerce.com/zimgs/fa0434ae586b6cfad64212d89385e5a1?f=JPEG&time=1663908904495&width=480&height=480
84793,森舍,"15036138028",https://m.zhcommerce.com/zimgs/93a7f4c252ec83eee965e2980031628a?f=JPEG&time=1667995262654&width=480&height=480
84809,谭木匠,"13673398804",https://m.zhcommerce.com/zimgs/92f250f6ff92819b847773b55bfd6706?f=PNG&time=1671592283588&width=480&height=480
84810,毛戈平,"15137108691",https://m.zhcommerce.com/zimgs/c8edf823d90a673e5c830b2d4f0eb743?f=JPEG&time=1663314829427&width=480&height=480
84812,伽百利,"13592582326",https://m.zhcommerce.com/zimgs/26e535b6f9d306bfbda2ae69a937beb5?f=PNG&time=1671591614507&width=480&height=480
84815,玩具名人堂,"13523098292",https://m.zhcommerce.com/zimgs/eb4206826456a1558c87b911971bdebd?f=PNG&time=1676855409755&width=480&height=480
84816,安润适,"15537006052",https://m.zhcommerce.com/zimgs/249928dee9d1bdc9a036c277c05cca29?f=PNG&time=1671522443415&width=480&height=480
84817,Polo Ralph Lauren,"18595608043",https://m.zhcommerce.com/zimgs/bb2bedbbf63ebaec3a62ac7737cb960c?f=PNG&time=1672999898538&width=480&height=480
84819,鲍师傅糕点,"15979595535",https://m.zhcommerce.com/zimgs/f750595f7cb08d2e6480e2752aab7222?f=PNG&time=1671522757355&width=480&height=480
84823,大树餐厅,(0371)88197223,https://m.zhcommerce.com/zimgs/53490c8601a67c5a3d1fb23e55edf206?f=PNG&time=1671530930196&width=480&height=480
84825,曼妮芬,"15237160133",https://m.zhcommerce.com/zimgs/8a83cf8ff2774b07d9bf9e471ee6ea95?f=PNG&time=1671524864031&width=480&height=480
84826,Max&Co,"18625555518",https://m.zhcommerce.com/zimgs/82bcba84ae776c6ce4120f41b7408a69?f=JPEG&time=1691136110120&width=480&height=480
84827,Theory,"18336826738",https://m.zhcommerce.com/zimgs/8f73e282b14dde7de1c6519803432e13?f=PNG&time=1683362588685&width=480&height=480
84828,八寸,"15888593043",https://m.zhcommerce.com/zimgs/90c74c85716699a9350120e78b1998ca?f=PNG&time=1683196852199&width=480&height=480
84829,TIPTOP,"18236454986",https://m.zhcommerce.com/zimgs/d7216b2bb68192523b9d7fddfb08deb6?f=JPEG&time=1680858306452&width=480&height=480
84831,AIR JORDAN,"13569515433",https://m.zhcommerce.com/zimgs/dd5d2cc30ad7e50f8c42cb3615d1feeb?f=PNG&time=1685344751823&width=480&height=480
84833,HUAIWEI(新）,"13676980521",https://m.zhcommerce.com/zimgs/8474b73b4adbed885f475fccbe01367d?f=JPEG&time=1680763864933&width=480&height=480
84834,姐弟俩土豆粉,"193 3999 2854",https://m.zhcommerce.com/zimgs/606aaa8b39d4d0c9c1d2e286c7d277b8?f=PNG&time=1682574030187&width=480&height=480
84835,dreame,"19903805117",https://m.zhcommerce.com/zimgs/59c377e4755d055f20183f64681da349?f=PNG&time=1683012936124&width=480&height=480
84836,白石烧鸟,"18530054832",https://m.zhcommerce.com/zimgs/e230f5d96807e4679ecb961e29cd4c55?f=PNG&time=1683616519009&width=480&height=480
84837,蔡澜点心,"0371  65012988",https://m.zhcommerce.com/zimgs/cbf2d12e41aea3446a3703e34e9a13f1?f=PNG&time=1685602147702&width=480&height=480
84839,PEACEBIRD  MAN,"17839298522",https://m.zhcommerce.com/zimgs/e8fc576ffce853745a833508b896792d?f=JPEG&time=1684199714222&width=480&height=480
84841,上集,"15890000240",https://m.zhcommerce.com/zimgs/16e0dfcfca51a05ea76bf90086c48ef3?f=PNG&time=1690771810483&width=480&height=480
84844,BOSS  SUNWEN,"17796657568",https://m.zhcommerce.com/zimgs/bda59d42d9b6ff5cc3f33eed3b5f7341?f=JPEG&time=1686207145883&width=480&height=480
84846,OH MY HEAD,"13393743851",https://m.zhcommerce.com/zimgs/6fc88a9bbb8aefdaa43d0dd387127f38?f=PNG&time=1695694549092&width=480&height=480
84847,babycare,"18603838833",https://m.zhcommerce.com/zimgs/86f81bb45b5f2d8c8ed744693b83fc1b?f=PNG&time=1695694796188&width=480&height=480
84848, Cabbeen,"18724225933",https://m.zhcommerce.com/zimgs/9d393e42e88dcefe5e1e8f8c24ac729a?f=JPEG&time=1688786905366&width=480&height=480
84849,Monologue,"15036110810",https://m.zhcommerce.com/zimgs/84d0b12d27814cb79efb264c7445e104?f=JPEG&time=1695624464516&width=480&height=480
84850,we11done,"13838107563",https://m.zhcommerce.com/zimgs/bcfeb02f88cb256bf8b7b2ca00abb824?f=JPEG&time=1711529792974&width=480&height=480
84853,耳语,"15791878390",https://m.zhcommerce.com/zimgs/003405307790580c5c68bd31559bc98e?f=JPEG&time=1694656341105&width=480&height=480
84854,沙驰L601,"15036139667",https://m.zhcommerce.com/zimgs/85692334f2d4cc882ddaa106966be205?f=PNG&time=1694515857182&width=480&height=480
84857, MARYKKI,"17737306969",https://m.zhcommerce.com/zimgs/1547e6893312b52a9ff270573e9493da?f=JPEG&time=1694655674634&width=480&height=480
84858,萌乐童年,"13839904898",https://m.zhcommerce.com/zimgs/25cd7541050d6caa2e51777caf4740e3?f=PNG&time=1695697195088&width=480&height=480
84859,GGCC,"15516915122",https://m.zhcommerce.com/zimgs/0cd6ca2d4b5bd1dc27c2644e570bb519?f=JPEG&time=1695623458154&width=480&height=480
84860,Tartine et Chocolat,"18239921535",https://m.zhcommerce.com/zimgs/7cbcf2d2d25bdcb107cae22666ea7e98?f=PNG&time=1695695441299&width=480&height=480
84861,paw in paw&paw in paw baby(5F),"13939030516",https://m.zhcommerce.com/zimgs/62e21f9fde765a5ae2d787675d58175d?f=JPEG&time=1704676738255&width=480&height=480
84862,DOMIAMIA,"13783495583",https://m.zhcommerce.com/zimgs/41753541fcd9e04b90478ca9d6808fc4?f=PNG&time=1695695560580&width=480&height=480
84863,UDV,"15917361156",https://m.zhcommerce.com/zimgs/82dcce6e86a295b38af4a009a9ba6089?f=JPEG&time=1694660298890&width=480&height=480
84864,极米L6_S2,"15890011483",https://m.zhcommerce.com/zimgs/e961c7be2f588d09b7ce5f210adca542?f=PNG&time=1694515769288&width=480&height=480
84865,德施曼L6_S4,"18137129305",https://m.zhcommerce.com/zimgs/6180c5458891697348089449ebd48f33?f=PNG&time=1694515483225&width=480&height=480
84866,JACK&JONES-L622,"13271563061",https://m.zhcommerce.com/zimgs/7cd5f326a28abb8557a6151abc231131?f=PNG&time=1691631363674&width=480&height=480
84869,it‘REAL（新）,"18537133317",https://m.zhcommerce.com/zimgs/913102ecacf6593ef77c1fb962ac28d2?f=PNG&time=1693809348197&width=480&height=480
84870,NEW BALANCE KIDS(5F),"15238310443",https://m.zhcommerce.com/zimgs/a98d7dcbe36059a4eb71198a662f676f?f=PNG&time=1695696233741&width=480&height=480
84873,LM-A,"17710659007",https://m.zhcommerce.com/zimgs/750c4de4303726cb7e88b44e5afa5912?f=PNG&time=1694140136343&width=480&height=480
84874, BOSIDENG,"15038368130",https://m.zhcommerce.com/zimgs/83cbba1db6c250d81d67b7ad9b49daf9?f=JPEG&time=1702956631472&width=480&height=480
84875,LM-C,"17710659007",https://m.zhcommerce.com/zimgs/686f8d670ab6f6b6dc6a239f4945d840?f=JPEG&&time=1719201457656&width=480&height=480
84876,LM-B,"17710659007",https://m.zhcommerce.com/zimgs/686f8d670ab6f6b6dc6a239f4945d840?f=JPEG&&time=1719201433629&width=480&height=480
84878,Teenmix,"13643862531",https://m.zhcommerce.com/zimgs/abe846137f5dd767683a3b333cf98e41?f=PNG&time=1693810755590&width=480&height=480
84879,Tata,"18530060357",https://m.zhcommerce.com/zimgs/b538ea66ce6bbd814efce369cac68a03?f=JPEG&time=1693810985157&width=480&height=480
84880,E.LAND,"",https://m.zhcommerce.com/zimgs/ad73561c961ccdc311e595b284f5bdbe?f=JPEG&&time=1751533639855&width=480&height=480
84883,李宁,"55571615",https://m.zhcommerce.com/zimgs/8f25816714e4c28f7080596b84e4f26d?f=JPEG&time=1693811688624&width=480&height=480
84885,moodytiger,"18538939706",https://m.zhcommerce.com/zimgs/1a7047b5f991c480f7e516b097f2c94a?f=JPEG&time=1695624929058&width=480&height=480
84887,全棉时代,(0371) 6501 3868,https://m.zhcommerce.com/zimgs/9645741b48baef520f4270a6f2eff7a8?f=JPEG&time=1695015478870&width=480&height=480
84888,RED VICUTU,"18339926813",https://m.zhcommerce.com/zimgs/72af50ba5e7b9dc710063b0bbb505990?f=JPEG&time=1693810214475&width=480&height=480
84889,嘻游大玩家,"13755136135",https://m.zhcommerce.com/zimgs/269a9aca1adf861edda7c1212bcb1247?f=PNG&time=1709197864382&width=480&height=480
84892,潮味馆,"15538103397",https://m.zhcommerce.com/zimgs/47b0f22eb76da4d1cfae107761db9219?f=PNG&&time=1719136581272&width=480&height=480
84896,yeehoo（5F）,"15838112616",https://m.zhcommerce.com/zimgs/691b8ecb450f0326d8c6e0f17746c3fd?f=PNG&time=1695695503058&width=480&height=480
84898,LINING YOUNG（5F）,"15188347775",https://m.zhcommerce.com/zimgs/d14225188eab2df44f1d26efa5f2cdf9?f=PNG&time=1695696738723&width=480&height=480
84899,好彩猪肚鸡,"17703841075",https://m.zhcommerce.com/zimgs/013173d4aacf344815767c433dce21aa?f=JPEG&time=1697017190517&width=480&height=480
84903,神盾局负一,"",https://m.zhcommerce.com/zimgs/a583cfe41d020a6b33c84b3789ad864e?f=JPEG&time=1696666130106&width=480&height=480
84904,PINKROSE,"17603853853",https://m.zhcommerce.com/zimgs/0e6f2180c47ef19eed91688b6c7f082e?f=JPEG&time=1698918422789&width=480&height=480
84905,Tudor,"18538173389",https://m.zhcommerce.com/zimgs/7cd6e12b87997ff9a7e22b23b10b661c?f=JPEG&&time=1723714604252&width=480&height=480
84906,Self portrait,"18123159941",https://m.zhcommerce.com/zimgs/2ddd4daad3c423c78a1c3d335fadcf08?f=PNG&time=1702363613139&width=480&height=480
84907,black head,"15538867990",https://m.zhcommerce.com/zimgs/2b9849864a9a90c9cbe20f1e78f34d44?f=JPEG&time=1698918817979&width=480&height=480
84908,用心,"19137609885",https://m.zhcommerce.com/zimgs/74614e87bb9318cedc15d505ebb945f5?f=JPEG&time=1700123223948&width=480&height=480
84909,M1M2(多经),"",https://m.zhcommerce.com/zimgs/788bee2be8d99227a7c2bed7b8e72e73?f=JPEG&time=1698918954974&width=480&height=480
84910,荣先森,"15713811226",https://m.zhcommerce.com/zimgs/f4363a3dbbb973c788b8f44ab8f268c1?f=JPEG&time=1699859690582&width=480&height=480
84911,Hechter Paris,"0371-55095661",https://m.zhcommerce.com/zimgs/e62e44cf627ce5fe1a1096c6be6d39fe?f=JPEG&time=1701658974009&width=480&height=480
84912,熹物煮物,"13142927734",https://m.zhcommerce.com/zimgs/3fb4563e3dde505705d8d2ce06e3c631?f=JPEG&time=1709199496879&width=480&height=480
84913,牧寻脯,"18203636775",https://m.zhcommerce.com/zimgs/57090ec0bb8805f412e1bea92eb2c3bc?f=JPEG&time=1703211269580&width=480&height=480
84918,山水名物LBK45,"18538222661",https://m.zhcommerce.com/zimgs/6d0c8d84b017d2c835aa597506c69e62?f=JPEG&time=1700982870206&width=480&height=480
84919,用心外摆,"19137609885",https://m.zhcommerce.com/zimgs/82be72ebd61e710dab88e0a6719241de?f=JPEG&time=1700986063330&width=480&height=480
84920,VOLAGELATAO,"17386636027",https://m.zhcommerce.com/zimgs/bb619dd5a3cd0c944d94200c1efb2981?f=JPEG&time=1709198502638&width=480&height=480
84921,Rolex,"18538173389",https://m.zhcommerce.com/zimgs/b49b85f113db495677ac25bc93f35d78?f=JPEG&&time=1723714428343&width=480&height=480
84922,Gucci Jewellery,"15093202279",https://m.zhcommerce.com/zimgs/9e28eb36ab7e0d59ee0eec20b2d151c5?f=JPEG&&time=1719200682257&width=480&height=480
84923,M-STAND-L4-M01,"13816995634",https://m.zhcommerce.com/zimgs/f1986b584e5dfcee5185f747cb866842?f=PNG&time=1711678426340&width=480&height=480
84924,OPPOLB15,"",https://m.zhcommerce.com/zimgs/e871d6aa3f6809f37e3e3ec7a0ab821a?f=JPEG&&time=1752745385380&width=480&height=480
84925,Tory Burch,"13937117800",https://m.zhcommerce.com/zimgs/07f53756287392880b3a4921246c6b0b?f=JPEG&&time=1718517114335&width=480&height=480
84926,欢囍花生,"13764130365",https://m.zhcommerce.com/zimgs/172ac1ad62351d5e3096b2b1fad4499f?f=JPEG&time=1703209787174&width=480&height=480
84931,"23°不太冷椰子鸡","0371-6333258",https://m.zhcommerce.com/zimgs/1cfa7fd857457a7fe640cc8531052383?f=JPEG&time=1703656298692&width=480&height=480
84932,TITONI,"15838057697",https://m.zhcommerce.com/zimgs/76f4246d04edc44b22d87c68a56ff5a6?f=JPEG&time=1706585066130&width=480&height=480
84934,TAKAMI,"6501 6011",https://m.zhcommerce.com/zimgs/bb9516d3d95ac0a84c00b48d8896b89c?f=JPEG&time=1705669519021&width=480&height=480
84938,Biotherm,(0371) 6509 6511,https://m.zhcommerce.com/zimgs/5630bf0d621a15c41561da69260f2a76?f=JPEG&&time=1758189650510&width=480&height=480
84939,ovv（新）,(0371) 65011106,https://m.zhcommerce.com/zimgs/5eabae5bbc8c933c4e07f2a3fcf6ed3e?f=JPEG&time=1704444609811&width=480&height=480
84942,陈麻婆,"55988697",https://m.zhcommerce.com/zimgs/ef1bb2416e61b7c6bbe038329e3b8404?f=JPEG&&time=1720691693584&width=480&height=480
84943,Wilson,"18239991420",https://m.zhcommerce.com/zimgs/a95457805673da038b6efa3dbbe0072e?f=JPEG&time=1710211973795&width=480&height=480
84949,BLANCORE,"13598856733",https://m.zhcommerce.com/zimgs/4bc3afb44d6a18fdf61f6c8d916962bd?f=JPEG&time=1712129639673&width=480&height=480
84950,一个贝果,"15803858912",https://m.zhcommerce.com/zimgs/ab20342599f40d8ec992f471b872291c?f=JPEG&time=1711848769737&width=480&height=480
84951,朴饱饱,"0371-55178887",https://m.zhcommerce.com/zimgs/2dc2c8a6f17de611bd5a31a519032db4?f=JPEG&&time=1716793428446&width=480&height=480
84953,CROCS-LB24,"18768897530",https://m.zhcommerce.com/zimgs/f42c2818967d98f6f3ac2fa1ed00902f?f=JPEG&time=1711520663367&width=480&height=480
84954,MAS'S  Dovedo,"13525575507",https://m.zhcommerce.com/zimgs/6c71d1532dea0ec315834d584c6b0e7f?f=JPEG&time=1713513462153&width=480&height=480
84955,完美日记_LB25,"15083200278",https://m.zhcommerce.com/zimgs/2e6b039aff7bb8ebe584c5640c871116?f=JPEG&time=1711521296798&width=480&height=480
84956,长城,"17719941026",https://m.zhcommerce.com/zimgs/5da4e93c3d0473a5ec16c3ef99eb70a5?f=JPEG&time=1712130469792&width=480&height=480
84957,古早万丹,"15937322273",https://m.zhcommerce.com/zimgs/3f1592f33e62a8716d33e1c23c2f017f?f=JPEG&time=1712130594659&width=480&height=480
84959,BAIZHUO-L333,"16696522593",https://m.zhcommerce.com/zimgs/5af24d2ad801561ee07ea8ec25dbf506?f=JPEG&time=1712628161088&width=480&height=480
84960,蕉内,"19059518970",https://m.zhcommerce.com/zimgs/587116daf5877bca30d50c9c4a147c3b?f=JPEG&&time=1719200924316&width=480&height=480
84961,王繁星面馆,"18137833695",https://m.zhcommerce.com/zimgs/7f5affa6252ac26d79618096aeea45d5?f=JPEG&time=1712130701650&width=480&height=480
84962,泡泡玛特LB-S50,"15617919831",https://m.zhcommerce.com/zimgs/aa900e29f4e6f9e2018fad4cbad4f44a?f=JPEG&time=1712130829186&width=480&height=480
84969,O＇EAT,"60986707",https://m.zhcommerce.com/zimgs/996c147f146fbcde90441b981469a5a7?f=JPEG&&time=1717745258832&width=480&height=480
84970,Lolarose,"",https://m.zhcommerce.com/zimgs/7a0ea6939b045b70b2bfaa628f59d7b1?f=JPEG&time=1715652231517&width=480&height=480
84971,Mardi Mercredi,"18239605497",https://m.zhcommerce.com/zimgs/2315fd7d07cdb67b657a11c1fd1b25e5?f=JPEG&&time=1716427550994&width=480&height=480
84972,周黑鸭,"15617690080",https://m.zhcommerce.com/zimgs/2be997936e0b6ee09fd2448a10e1d494?f=JPEG&time=1714357687498&width=480&height=480
84973,Amazing Song,"15670622398",https://m.zhcommerce.com/zimgs/87a41f89d2fab611275d1509fd233386?f=JPEG&&time=1717923625051&width=480&height=480
84974,Hape,"15638877205",https://m.zhcommerce.com/zimgs/299de19109368fc8ef9c85e644c4985b?f=JPEG&time=1715139714191&width=480&height=480
84975,麒麟大口茶,"15038350133",https://m.zhcommerce.com/zimgs/0077127c3377f01ca3f90a622749a6b0?f=JPEG&&time=1716543355012&width=480&height=480
84976,趁热集合,"15093191983",https://m.zhcommerce.com/zimgs/0f9eeec5cbd6cb7cf51f8075e01d02d7?f=JPEG&&time=1720060058686&width=480&height=480
84977,煎饼道,"18337215778",https://m.zhcommerce.com/zimgs/ce4dc165cd1cff7fc9042e70915bbda0?f=JPEG&&time=1718264545361&width=480&height=480
84978,山缓缓,"18638215511",https://m.zhcommerce.com/zimgs/75ea8b9d2b48691212f222434848c980?f=JPEG&&time=1754461267565&width=480&height=480
84979,昂跑,"15093363857",https://m.zhcommerce.com/zimgs/ba676b7a564d62375986d0315bf2be2d?f=JPEG&&time=1751532198633&width=480&height=480
84984,沪上阿姨-L8S22,"13676921288",https://m.zhcommerce.com/zimgs/3954c6a389d28e30ab316eb1a816be3b?f=JPEG&&time=1719200777052&width=480&height=480
84986,卡多多,"18595751376",https://m.zhcommerce.com/zimgs/842383ad6452e8a8023eb60f3a118e77?f=PNG&&time=1723713138163&width=480&height=480
84987,BOLON,"",https://m.zhcommerce.com/zimgs/590c261719dc348fd2721527816e6764?f=JPEG&&time=1741175071436&width=480&height=480
84991,安三胖,"19337102816",https://m.zhcommerce.com/zimgs/4e138353245804634deee4cd5f7a5994?f=JPEG&&time=1722220110473&width=480&height=480
84992,Jo Malone,"18623713146",https://m.zhcommerce.com/zimgs/f44cd8bdb2afedeca0ff9211144277ad?f=JPEG&&time=1723607425790&width=480&height=480
84993,HEFANG,"15093202279",https://m.zhcommerce.com/zimgs/4ce685077f9ec3b7e0202adddb5968d3?f=JPEG&&time=1722908171233&width=480&height=480
84994,馥蕾诗,"037161652377",https://m.zhcommerce.com/zimgs/bfd26f57da1facb6f1ce7a8b227af42a?f=PNG&&time=1726106141172&width=480&height=480
84997,URLAZH,"18137873305",https://m.zhcommerce.com/zimgs/d4ae608580b2a25e36822db95f10dc4f?f=JPEG&&time=1720669023198&width=480&height=480
84999,拇指白小T,"15939003352",https://m.zhcommerce.com/zimgs/2195abe66abc897add19b3ca5e252cb5?f=JPEG&&time=1722332021091&width=480&height=480
85005,英琪假发,"13027701700",https://m.zhcommerce.com/zimgs/b3a1d8bf87ac75bfd56d7c9316c12286?f=JPEG&&time=1719889946252&width=480&height=480
85006,山间晓厨,"19139893734",https://m.zhcommerce.com/zimgs/6dcc0f0b5fd6135c5e5dadbce758295e?f=JPEG&&time=1719890715161&width=480&height=480
85007,野果,"19837177127",https://m.zhcommerce.com/zimgs/1d6df628da4ed5368324750f4af81fd2?f=JPEG&&time=1720668317806&width=480&height=480
85010,舒福德,"13523051321",https://m.zhcommerce.com/zimgs/e39eeb85551e8c7ce31509e57d1cd69c?f=JPEG&&time=1720679703522&width=480&height=480
85013,MINGSI,"18737150781",https://m.zhcommerce.com/zimgs/f57aaaf56cd2939338256bee29e2f44a?f=JPEG&&time=1722589844053&width=480&height=480
85015,屈臣氏,"15538081359",https://m.zhcommerce.com/zimgs/2a654ace43e3de2772ff8cc44a7bdfad?f=JPEG&&time=1722590950177&width=480&height=480
85016,马拉丁（5F）,"13949124661",https://m.zhcommerce.com/zimgs/e250616fa4ce39751f53d3b97903ad75?f=JPEG&&time=1722591076272&width=480&height=480
85017,QIMOO(5F),"15038178263",https://m.zhcommerce.com/zimgs/07c0dc22aaeadd1e4876bcd1f229329a?f=JPEG&&time=1723772402276&width=480&height=480
85019,荣耀,"",https://m.zhcommerce.com/zimgs/27d8ced99547f59e819401ae26b988f0?f=JPEG&&time=1755567859886&width=480&height=480
85020,悦木之源,"18037670480",https://m.zhcommerce.com/zimgs/c10d4d28fa31ca8db18d139b71ca32ba?f=JPEG&&time=1721814618682&width=480&height=480
85022,乐乐姐超级土豆,"15639382218",https://m.zhcommerce.com/zimgs/771bf60ca8026731401a75732eb2bb10?f=PNG&&time=1724068237664&width=1080&height=660
85023,玩酷潮玩 LBK43,"",https://m.zhcommerce.com/zimgs/3ccce833a18f4d73ee7427b80d1ac19d?f=JPEG&&time=1741175733393&width=480&height=480
85026,柠檬向右,"18538067237",https://m.zhcommerce.com/zimgs/c3a77941e4631c0db8c28d11f714703e?f=JPEG&&time=1722909161591&width=480&height=480
85028,大叹号延边烤肉,"",https://m.zhcommerce.com/zimgs/90256b3f08fcc5d8079f84b31e814edc?f=JPEG&&time=1726042786231&width=480&height=480
85029,始祖鸟,"",https://m.zhcommerce.com/zimgs/7b13de790515d2a60bc9bd35fe35d9e2?f=JPEG&&time=1751421331760&width=480&height=480
85030,贝塔太空局,"18336313603",https://m.zhcommerce.com/zimgs/e4d915a91f40a4a3ac07d3cd2c78385d?f=JPEG&&time=1724031733480&width=480&height=480
85032,Prada,"",https://m.zhcommerce.com/zimgs/85780e814df8e95506750620763d83bf?f=PNG&&time=1730275689308&width=480&height=480
85033,FUN,"",https://m.zhcommerce.com/zimgs/73ecf539d0abfa9ee6f0591db21fbf32?f=JPEG&&time=1751534826018&width=480&height=480
85035,U MORE U YOUNG,"",https://m.zhcommerce.com/zimgs/2aa907674ff32976747cb5f185296a6a?f=JPEG&&time=1741175923891&width=480&height=480
85036,ST&SAT,"",https://m.zhcommerce.com/zimgs/406d55e99b1f230a949fcc68befee66a?f=JPEG&&time=1741175348580&width=480&height=480
85040,FOS,"",https://m.zhcommerce.com/zimgs/40dd132a460a9a7567d3b03eef52d9b0?f=JPEG&&time=1752824296962&width=480&height=480
85041,L1-M02通灵,"",https://m.zhcommerce.com/zimgs/c02e2ac6ae2244c8ebc51937aafa8c5a?f=JPEG&&time=1751421757011&width=480&height=480
85052,中国珠宝-L2-M05,"",https://m.zhcommerce.com/zimgs/d8b00db297a893b75c366ca5e046cf9c?f=JPEG&&time=1751531481155&width=480&height=480
85053,DR-L232,"",https://m.zhcommerce.com/zimgs/361ec8b48a9f59a1e9720c582b2afb4b?f=JPEG&&time=1751531859494&width=480&height=480
85057,赫莲娜,"",https://m.zhcommerce.com/zimgs/356b4d3535639a5d7d908edb32a72132?f=JPEG&&time=1733825550865&width=480&height=480
85061,科颜氏,"037165053276",https://m.zhcommerce.com/zimgs/cab7a584c007556cdc2a58f6823583e5?f=JPEG&time=1535159892771
85062,RAPIDO GOLF,"",https://m.zhcommerce.com/zimgs/06fe710e28c42fd895a436e1b6ca848d?f=JPEG&&time=1751534057961&width=480&height=480
85063,APM Monaco,"",https://m.zhcommerce.com/zimgs/1edc3cba39ce9d5294076e19c426dc8a?f=JPEG&&time=1751421400836&width=480&height=480
85064,LOOWO,"",https://m.zhcommerce.com/zimgs/518027799f146b872912e2baa9059558?f=JPEG&&time=1751533581842&width=480&height=480
85068,ANTA KIDS	 L5_S38+S39+S40+S41,"",https://m.zhcommerce.com/zimgs/683f54832c749fb3ea2a4f9ee8b31712?f=JPEG&&time=1731492402165&width=480&height=480
85070,老韩煸鸡-LB-S26,"",https://m.zhcommerce.com/zimgs/447bfae41c9f374238a0a49d84e0ad0f?f=JPEG&&time=1751281136917&width=480&height=480
85072,完型,"",https://m.zhcommerce.com/zimgs/de2ae98537815e47298d6da02ac1fb2d?f=JPEG&&time=1751534153336&width=480&height=480
85073,SUPIN-L426A,"",https://m.zhcommerce.com/zimgs/fdfb54d4f9e402662966bd00d3997e10?f=JPEG&&time=1741175370760&width=480&height=480
85074,麻六记酸辣粉,"",https://m.zhcommerce.com/zimgs/de7a04f2c735c3a6e8a4abb636a0467a?f=JPEG&&time=1751281106697&width=480&height=480
85075,HPLY,"",https://m.zhcommerce.com/zimgs/d927b1d9757a0ee0cf363b28eeb4ee3f?f=JPEG&&time=1751532511502&width=480&height=480
85078,SKG,"",https://m.zhcommerce.com/zimgs/7101cfc4fdfedbb38e65e998326c59fb?f=JPEG&&time=1741180661069&width=480&height=480
85079,NEED,"",https://m.zhcommerce.com/zimgs/a012d1e929e209e5b4171f0ca165f0b0?f=PNG&&time=1733369404053&width=480&height=480
85081,MACAROOOO,"",https://m.zhcommerce.com/zimgs/5826d1412db8e35b80d94137e12e8c5a?f=JPEG&&time=1733302133628&width=480&height=480
85082,费大厨,"",https://m.zhcommerce.com/zimgs/f77bcffd3dd14cedde44ad0c5bbc2399?f=JPEG&&time=1751268975704&width=480&height=480
85084,福录,"",https://m.zhcommerce.com/zimgs/d28f758fbf730b2aad6665cd6435238b?f=JPEG&&time=1733034143384&width=480&height=480
85086,蒲公英,"13083667955",https://m.zhcommerce.com/zimgs/73612119b799f8441b7e0f5855c3fa68?f=JPEG&&time=1742889369691&width=480&height=480
85087,B＆C,"",https://m.zhcommerce.com/zimgs/c1da18e7195fadd5c8ddd51da0e73645?f=JPEG&&time=1751268719563&width=480&height=480
85088,GOTO,"",https://m.zhcommerce.com/zimgs/f2a16096fb1f92642ceab07d4ab5f7ff?f=JPEG&&time=1755680023165&width=480&height=480
85091,"13DE MARZO","",https://m.zhcommerce.com/zimgs/e553ce5bae6b88144bf4149d18525584?f=JPEG&&time=1751421839253&width=480&height=480
85092,L303IDPAN,"",https://m.zhcommerce.com/zimgs/986f8158f44f0720bdf22ee83da682b3?f=JPEG&&time=1751532622583&width=480&height=480
85093,星姨糖水,"",https://m.zhcommerce.com/zimgs/976fac9282199275f79ff22e615faa50?f=JPEG&&time=1733305038488&width=480&height=480
85096,小布,"",https://m.zhcommerce.com/zimgs/ac03b490138d7e86c4aefb24e1a80b8d?f=PNG&&time=1757220791512&width=480&height=480
85098,大人糖,"",https://m.zhcommerce.com/zimgs/4af3dc7c893ffc57cafcf9bafd10a746?f=JPEG&&time=1755568729095&width=480&height=480
85099,L302DIAMOND DAZZLE,"",https://m.zhcommerce.com/zimgs/db3726742a9915fb973e08f6029799f2?f=JPEG&&time=1751532554844&width=480&height=480
85100,SOONSOO CHICKEN,"",https://m.zhcommerce.com/zimgs/4fae325b5356d5729ac65cdaf44ab5b8?f=JPEG&&time=1737255248048&width=480&height=480
85101,坝子里菌菇鸡汤饭,"",https://m.zhcommerce.com/zimgs/8df3f9e6b1a8686580c8b4d494ccb8c2?f=JPEG&&time=1737255214595&width=480&height=480
85102,DistinKidny,"",https://m.zhcommerce.com/zimgs/feace5cee67a3a03884fb5b6df855889?f=JPEG&&time=1751619487811&width=480&height=480
85103,那时新疆,"",https://m.zhcommerce.com/zimgs/d04e8cfaf3e845bf7784f6b9dcccc858?f=JPEG&&time=1745822212271&width=480&height=480
85105,苗,"",https://m.zhcommerce.com/zimgs/18af11c334deab6700d625abd23e55c3?f=JPEG&&time=1751619449915&width=480&height=480
85107,PARKER & Wood Wick,"",https://m.zhcommerce.com/zimgs/0c5d481af19b00260f4f9cb5e5be014e?f=JPEG&&time=1751537005420&width=480&height=480
85109,有堂古,"",https://m.zhcommerce.com/zimgs/ac9b23e3f3047c3edb7823406d34bd7f?f=JPEG&&time=1742895925709&width=480&height=480
85110,雾与山茶,"",https://m.zhcommerce.com/zimgs/c9cd44be38528d2e9df040e985083e4e?f=PNG&&time=1741156912551&width=480&height=480
85111,苏小蟹,"",https://m.zhcommerce.com/zimgs/5e52e46013816d097566752cd974def6?f=JPEG&&time=1743063765481&width=480&height=480
85114,VIVO,"",https://i1.mallcoo.cn/sp_mall/66u2r828-e140-4f2c-a76d-7f2e9254d19c_0.jpg
85119,茉酸奶,"",https://m.zhcommerce.com/zimgs/f7fd894aa3e0d8d4936c5806330784a4?f=JPEG&&time=1746771283065&width=480&height=480
85120,万益蓝,"",https://m.zhcommerce.com/zimgs/772a833174a9d3521b5cb14e67253668?f=JPEG&&time=1755568623587&width=480&height=480
85123,曼卡龙LB_M09A,"",https://m.zhcommerce.com/zimgs/7e4d9a09d1cccf0757f754a549de1c8b?f=JPEG&&time=1755568318334&width=480&height=480
85124,肉肉大米,"",https://m.zhcommerce.com/zimgs/6eb3dc00fd8ea1740dcd87c36052c3da?f=JPEG&&time=1751280604685&width=480&height=480
85125,廖记棒棒鸡,"",https://m.zhcommerce.com/zimgs/5f25aeb1c478eaa5e3d2e11a78cc33a4?f=JPEG&&time=1751280966489&width=480&height=480
85126,京妹老北京炸酱面,"",https://m.zhcommerce.com/zimgs/a837907da054a4791404d6b0672674fb?f=JPEG&&time=1744335558647&width=480&height=480
85127,犀洋中古仓,"",https://m.zhcommerce.com/zimgs/4fb812ef5c6b61d76197460e31fa4041?f=JPEG&&time=1743156074183&width=480&height=480
85129,COVER蔻弗,"",https://m.zhcommerce.com/zimgs/9b4c70ef0894e21c48a7d0675d36767d?f=JPEG&&time=1755074292631&width=480&height=480
85130,SUPIN LIFE,"",https://m.zhcommerce.com/zimgs/2b8055694ab7fd1263a97aef2d177f4f?f=JPEG&&time=1749632593869&width=480&height=480
85132,周大生经典,"17319735095",https://m.zhcommerce.com/zimgs/33e7aa18e1088824b761582b2f7fb7db?f=PNG&time=1672992320774&width=480&height=480
85134,周大生珠宝,"15903624726",https://m.zhcommerce.com/zimgs/27a7b1b67a2255e2ad3f7b795788368a?f=PNG&time=1683359239728&width=480&height=480
85136,ECCO-L208,"13598821207",https://m.zhcommerce.com/zimgs/a9f1e686b615c4b3770aa9436f7104f7?f=JPEG&time=1681195149686&width=1080&height=660
85147,爷爷不泡茶,"19522505793",https://m.zhcommerce.com/zimgs/19c28e75f9fcb9433572585987c5007b?f=JPEG&&time=1722593467826&width=480&height=480
85149,MEILLEUR MOMENT （新）,"18837144880",https://m.zhcommerce.com/zimgs/97ba5b60b4eec610954b8527636ae501?f=JPEG&time=1704438606005&width=480&height=480
85150,中国体育彩票8F,"15539309517",https://m.zhcommerce.com/zimgs/1d4983e791d11c699bb5ddaacd7db972?f=JPEG&time=1698918627928&width=480&height=480
85151, M-STAND,"13220359601",https://m.zhcommerce.com/zimgs/e4be1feefccd206934ccf068186a4e30?f=JPEG&time=1703236414306&width=480&height=480
85152,中国体育彩票LB-K44,"",https://prod-deployment.oss-cn-hangzhou.aliyuncs.com/601efc34ccf84149aa2d858146684332_1d4983e791d11c699bb5ddaacd7db972.jpeg
85172,"7-11","15836070444",https://m.zhcommerce.com/zimgs/fe2b16b868e0a87d999473c4a20d7d1f?f=JPEG&time=1695625630285&width=480&height=480
85175,爷爷不泡茶-L804,"19137100537",https://m.zhcommerce.com/zimgs/19c28e75f9fcb9433572585987c5007b?f=JPEG&&time=1722593486238&width=480&height=480
85177,瑞幸咖啡-L161,"18595670201",https://m.zhcommerce.com/zimgs/8fa36211251a77d0e55a13391479971f?f=JPEG&time=1546829737882
85178,JAKET-L624,"18768856352",https://m.zhcommerce.com/zimgs/3a2b0c59bd0662ab7a4d0ef18408bc8d?f=JPEG&time=1701660646070&width=480&height=480
85179,中国体育彩票LBH9,"",https://m.zhcommerce.com/zimgs/540c7c90b31cfb6b5f45c88cbdb778f0?f=JPEG&&time=1719884674026&width=480&height=480
85199,@KB SPACE,"",https://prod-deployment.oss-cn-hangzhou.aliyuncs.com/c05d85cdeed84b86a1427b17582d8c08_wechat_2025-06-23_202300_400.png
85609,北京同仁堂,"",https://prod-deployment.oss-cn-hangzhou.aliyuncs.com/5fac50442fe54017a5aeee6314de59e2_4449ea68b4f34ef245bb9bd10772bb33.jpeg
88954,卤山川,"",https://m.zhcommerce.com/zimgs/870953eb22e512842a07e21bce2ac121?f=JPEG&&time=1751280877063&width=480&height=480
88955,怡满分糖水铺,"",https://m.zhcommerce.com/zimgs/c04fab0787f8d8da64c52ea5831bc18e?f=JPEG&&time=1751268565292&width=480&height=480
88956,怡满分糖水铺,"",https://m.zhcommerce.com/zimgs/c04fab0787f8d8da64c52ea5831bc18e?f=JPEG&&time=1751268565292&width=480&height=480
88957,浮光之丘-LB-H21,"",https://m.zhcommerce.com/zimgs/a200e8d5889c6327cab9a05139c6f14f?f=JPEG&&time=1751268215525&width=480&height=480
88959,麦记牛奶公司,"",https://m.zhcommerce.com/zimgs/73da62e792d0c0b00e42a14263a28784?f=JPEG&&time=1751280769232&width=480&height=480
89458,LESTICK乐贴,"",https://prod-deployment.oss-cn-hangzhou.aliyuncs.com/f87d9eeea08845bb99e3a7dd6c2f9b22_20241119-173020_%E5%89%AF%E6%9C%AC.jpeg
89459,蝴蝶商店,"",https://prod-deployment.oss-cn-hangzhou.aliyuncs.com/2396cc6067914e429394413b7412c977_20241119-173020_%E5%89%AF%E6%9C%AC.jpeg
89461,点都德,"",https://prod-deployment.oss-cn-hangzhou.aliyuncs.com/80bbcfc6ebc648ee97ce85ba59476006_20241119-173020_%E5%89%AF%E6%9C%AC.jpeg
90156,正弘城礼宾处,"",https://m.zhcommerce.com/zimgs/d88247f86838606caf59539969e11b63?f=PNG&time=1648530127338
90158,周生生-L231B,"13633800856",https://m.zhcommerce.com/zimgs/b570462685702c5e7cb2beabee9f875b?f=JPEG&time=1669574553729&width=480&height=480
90161,理想汽车,"",https://m.zhcommerce.com/zimgs/224d1b46280888755cbaab94ed4b1ad1?f=PNG&time=1671530969039&width=480&height=480
90162,娇韵诗美容坊,"",https://m.zhcommerce.com/zimgs/ed33cf3a82c8600242625fbaeb65302a?f=PNG&time=1671530762716&width=480&height=480
90164,周大生经典-M08A,"18703873987",https://m.zhcommerce.com/zimgs/33e7aa18e1088824b761582b2f7fb7db?f=PNG&time=1672992342054&width=480&height=480
90165,Lululemon,"037163316536",https://m.zhcommerce.com/zimgs/1b1bbce685fe798b38b02f9733097374?f=PNG&time=1683362166984&width=480&height=480
90166,场地 丰田（桃竹源）,"",""
90168,诗普琳-L2-M04C,"15037907155",https://m.zhcommerce.com/zimgs/d07792a801e0a978e0fda6d35d2f3e78?f=PNG&time=1683361490063&width=480&height=480
90169,周大生珠宝-L2-M02A,"15903624726",https://m.zhcommerce.com/zimgs/27a7b1b67a2255e2ad3f7b795788368a?f=PNG&time=1683359408291&width=480&height=480
90170,周大生珠宝L2_M02B,"15903624726",https://m.zhcommerce.com/zimgs/27a7b1b67a2255e2ad3f7b795788368a?f=PNG&time=1683359373954&width=480&height=480
90171,周大生珠宝L2_M02C,"15903624726",https://m.zhcommerce.com/zimgs/27a7b1b67a2255e2ad3f7b795788368a?f=PNG&time=1683359443016&width=480&height=480
90172,迪奥美容坊,"",https://m.zhcommerce.com/zimgs/752d8441b83751f290da20b55b676639?f=JPEG&time=1689664412545&width=480&height=480
90174,星巴克,"18537971610",https://m.zhcommerce.com/zimgs/91841b7f25c842d1e688b378b91d225a?f=PNG&time=1692176023507&width=480&height=480
90175,E.LAND KIDS(5F),"18337188783",https://m.zhcommerce.com/zimgs/9396877d0ed782788c1d71636ec67d9f?f=PNG&time=1695697032826&width=480&height=480
90181,香奈儿美容坊,"",https://m.zhcommerce.com/zimgs/f0394f6a77f5aa901cfde035d58f2cce?f=JPEG&time=1700988428840&width=480&height=480
90185,JARGEE FOTO点位,"",https://m.zhcommerce.com/zimgs/25667d6d5159f2f148e3012a1e8074ad?f=JPEG&time=1704445148799&width=480&height=480
90186,极氪独栋新,"",""
90187,场地 三星（悦豪）,"17260627660",https://m.zhcommerce.com/zimgs/b5cc0d52f4bc17f90f0afbf7e825dd1e?f=PNG&time=1707184447442&width=480&height=480
90189, Inis Palliser-暂不用,"",https://m.zhcommerce.com/zimgs/e90ff22dcf67344cf98ef4a0c62cf05f?f=JPEG&time=1711611457620&width=480&height=480
90190,眷茶臻选,"",https://m.zhcommerce.com/zimgs/3c39e450378f63f19d63333ab29ba3c2?f=JPEG&&time=1717120739185&width=480&height=480
90195,O'EAT外摆,"60986707",https://m.zhcommerce.com/zimgs/eba554116f6503bafbb1f3bd482bff6b?f=JPEG&&time=1717745163191&width=480&height=480
90196,卡尔男士理容馆,"0371-66991319",https://m.zhcommerce.com/zimgs/8314feb1ce9b301485cf0ffd6cfe4f95?f=JPEG&&time=1719884290552&width=480&height=480
90197,OFFICE-LB_M20,"",https://m.zhcommerce.com/zimgs/ae7367ab59f33a21b1b5b10eb725f799?f=JPEG&&time=1722332418565&width=480&height=480
90201,喜茶,"",https://m.zhcommerce.com/zimgs/9bca136dce56e6a30d8b2441fdb3c06c?f=PNG&&time=1724298838835&width=480&height=480
90203,迪奥-线上,(0371) 6165 2977,https://m.zhcommerce.com/zimgs/82d696dae65899840cdf76bb9d29eda8?f=JPEG&&time=1730517350252&width=480&height=480
90209,中国珠宝-L2-M05D,"",https://m.zhcommerce.com/zimgs/d8b00db297a893b75c366ca5e046cf9c?f=JPEG&&time=1751531539103&width=480&height=480
90210,中国珠宝-L2-M05A,"",https://m.zhcommerce.com/zimgs/d8b00db297a893b75c366ca5e046cf9c?f=JPEG&&time=1751531516337&width=480&height=480
90211,DR-L232A,"",https://m.zhcommerce.com/zimgs/361ec8b48a9f59a1e9720c582b2afb4b?f=JPEG&&time=1751531967958&width=480&height=480
90212,中国珠宝-L2-M05C,"",https://m.zhcommerce.com/zimgs/d8b00db297a893b75c366ca5e046cf9c?f=JPEG&&time=1751531929299&width=480&height=480
90213,DR-L232B,"",https://m.zhcommerce.com/zimgs/361ec8b48a9f59a1e9720c582b2afb4b?f=JPEG&&time=1751531949095&width=480&height=480
90214,中国珠宝-L2-M05B,"",https://m.zhcommerce.com/zimgs/d8b00db297a893b75c366ca5e046cf9c?f=JPEG&&time=1751531497593&width=480&height=480
90216,鸿蒙智行,"",""
90217,麦当劳,"",https://m.zhcommerce.com/zimgs/28ec4706be19c01e575c0f8243b1b888?f=JPEG&&time=1732153787220&width=480&height=480
90218,小米之家LB30,"",""
90219,GLITTERISH,"",https://prod-deployment.oss-cn-hangzhou.aliyuncs.com/72cc7770df784baaa517e0477ee4fb83_%E7%A9%BA%E7%99%BD.png
90220,JUST FOTO,"",https://prod-deployment.oss-cn-hangzhou.aliyuncs.com/26fcaf126d5a4c6fabfb6f36ef0d90ba_%E7%A9%BA%E7%99%BD.png
90221,场地 （洛屿骐美学生活）9F,"",""
90222,TAMMY TANGS,"",https://m.zhcommerce.com/zimgs/266261c4e6380651b286dc77a36d84eb?f=JPEG&&time=1751532905065&width=480&height=480
90224,UNIQUE BUTTERFLY,"",""
90225,Hourglass,"",https://m.zhcommerce.com/zimgs/ee58ee5dce1c0c8dd37cb9b74a86a962?f=JPEG&&time=1745975328021&width=480&height=480
90227,曼卡龙LB_M09B,"",https://m.zhcommerce.com/zimgs/7e4d9a09d1cccf0757f754a549de1c8b?f=JPEG&&time=1752745491248&width=480&height=480
90229,Orange Season,"",https://prod-deployment.oss-cn-hangzhou.aliyuncs.com/4825e9ca6fc64917a2b47b73af77f53c_%E7%A9%BA%E7%99%BD.png
90230,ONLY-L417,"",https://m.zhcommerce.com/zimgs/495934d4c318636bf456eca370781227?f=JPEG&&time=1751533076043&width=480&height=480
90231,indicia-L407,"",https://m.zhcommerce.com/zimgs/fd425f10c24d6f95925fd0c7d460682f?f=JPEG&&time=1751532947190&width=480&height=480
90232,DESIGNICE+,"",https://m.zhcommerce.com/zimgs/3ca82c71ce4e4c4b0cdba734e9412dfe?f=JPEG&&time=1751532757310&width=480&height=480
90233,潮宏基-L2-M03B-新,"",https://m.zhcommerce.com/zimgs/eaec386e7cc9f13bd6f158e3e68b3ba2?f=JPEG&&time=1751532033382&width=480&height=480
90234,中国黄金-新,"",https://m.zhcommerce.com/zimgs/89cfbb09e53d5255c350181950e4d937?f=JPEG&&time=1751531704697&width=480&height=480
90235,潮宏基-L2-M03A-新,"",https://m.zhcommerce.com/zimgs/eaec386e7cc9f13bd6f158e3e68b3ba2?f=JPEG&&time=1751532015961&width=480&height=480
90236,中国黄金-L2-L01C-新,"",https://m.zhcommerce.com/zimgs/89cfbb09e53d5255c350181950e4d937?f=JPEG&&time=1751531679782&width=480&height=480
90237,潮宏基-L2-M03C-新,"",https://m.zhcommerce.com/zimgs/eaec386e7cc9f13bd6f158e3e68b3ba2?f=JPEG&&time=1751531362737&width=480&height=480
90238,中国黄金-L2-L01B-新,"",https://m.zhcommerce.com/zimgs/89cfbb09e53d5255c350181950e4d937?f=JPEG&&time=1751531907320&width=480&height=480
90239,中国黄金-L2-L01A-新,"",https://m.zhcommerce.com/zimgs/89cfbb09e53d5255c350181950e4d937?f=JPEG&&time=1751531818308&width=480&height=480
90240,索尼,"",https://m.zhcommerce.com/zimgs/ff8363040c78287e614acf113477343b?f=JPEG&&time=1751534634494&width=480&height=480
90241,kb-space,"",""
90244,泽田本家,"",https://m.zhcommerce.com/zimgs/aa788867fe0ad7bf02483e2fa41a7a05?f=JPEG&&time=1751280659433&width=480&height=480
90245,礼品部落LBK64,"",https://m.zhcommerce.com/zimgs/62f1568d0fdd192376f943e2c879522a?f=JPEG&&time=1755680117428&width=480&height=480
90246,roll'ing-LB-S05,"",https://m.zhcommerce.com/zimgs/76c62482982c26dd7a4bdb7a27de8a3a?f=JPEG&&time=1751268378383&width=480&height=480
90247,Tautropfen,"18838120142",https://m.zhcommerce.com/zimgs/52ef42bbd9f682444fb614a44c4ea3a0?f=JPEG&&time=1747272619464&width=480&height=480
90248,崎本の店,"",https://m.zhcommerce.com/zimgs/e48f83e7a42eaab3865e6bf2d3822647?f=JPEG&&time=1750410656127&width=480&height=480
90249,ARIOSEYEARS,"",https://m.zhcommerce.com/zimgs/665a72eb87dac5ba4c7ac0e8a99e56c1?f=JPEG&&time=1751533508754&width=480&height=480
90251,熹捞,"",https://m.zhcommerce.com/zimgs/51eb0a2a02e2dd86bcabd0b10646f0ae?f=JPEG&&time=1751269070693&width=480&height=480
90252,COFANCY,"",https://m.zhcommerce.com/zimgs/3a7ff36077b9826e2b5a088f632774eb?f=JPEG&&time=1751439432365&width=480&height=480
90253,CAN,"",https://m.zhcommerce.com/zimgs/f0b6846678ec91f803c506134d83b5e1?f=JPEG&&time=1755680226671&width=480&height=480
90254,爪爪娃娃机,"",https://m.zhcommerce.com/zimgs/e3287b10d805523a92e6583f27ae6e3c?f=JPEG&&time=1755679915289&width=480&height=480
90255,九筒冒菜,"",https://m.zhcommerce.com/zimgs/adc6fbe3fc9bf30f16ff8fc16842dbbf?f=JPEG&&time=1751268892986&width=480&height=480
90256,结绳记LBM19,"",""
90257,LESTICK乐贴,"",""
90258,CHOCHOSROOM,"",""
90259,皆得好市,"",""
90260,欢喜有物,"",""
90263,传家金L1-M03A,"",https://m.zhcommerce.com/zimgs/58343f00238235d8aa9367c4089c182b?f=JPEG&&time=1751422328718&width=480&height=480
90264,传家金L1-M03,"",https://m.zhcommerce.com/zimgs/58343f00238235d8aa9367c4089c182b?f=JPEG&&time=1751422307512&width=480&height=480
90265,传家金L1-M03B,"",https://m.zhcommerce.com/zimgs/58343f00238235d8aa9367c4089c182b?f=JPEG&&time=1751422290644&width=480&height=480
90266,蝴蝶商店,"",https://m.zhcommerce.com/zimgs/19aa70cb4e765a1cb99cb2df1dbf02da?f=JPEG&&time=1752745664971&width=480&height=480
90267,WALSH,"",https://m.zhcommerce.com/zimgs/17eec528c03849314bcfc9a77af6814c?f=JPEG&&time=1751536973175&width=480&height=480
90268,GXG,"",https://m.zhcommerce.com/zimgs/ea463ac95d19fffd1d8d7f117544a248?f=JPEG&&time=1751534510387&width=480&height=480
90269,L6-M01-石头科技,"",https://m.zhcommerce.com/zimgs/5476ddd7a76563555df64415dd502c0b?f=JPEG&&time=1751534696829&width=480&height=480
90270,富安娜,"",https://m.zhcommerce.com/zimgs/69c484e7ae1137398646a0ee25c391e3?f=JPEG&&time=1752630968405&width=480&height=480
90272,花与珍珠匣,"",""
90275,medici,"",https://m.zhcommerce.com/zimgs/b94d9ffb1e798c70114b58f9c546017e?f=JPEG&&time=1753174050426&width=480&height=480
90276,藏宝金-L2-M06,"",https://m.zhcommerce.com/zimgs/9666e44cc09277794580e1f709f4b941?f=JPEG&&time=1751531887003&width=480&height=480
90277,little mo&co-新,"",https://m.zhcommerce.com/zimgs/fa358b954439621576437c86a55c458f?f=JPEG&&time=1751533860645&width=480&height=480
90278,岚图-新,"",""
90279,潮顽吾界,"",""
90581,银小贝LBK42,"",https://m.zhcommerce.com/zimgs/2989d17d39e923bf3084dafb607d52c4?f=JPEG&&time=1752745856563&width=480&height=480
90616,极拉图-L8-S24,"",https://m.zhcommerce.com/zimgs/9a5d2693eb2c62704e24f8935b7ee2d1?f=JPEG&&time=1752486968982&width=480&height=480
90617,赋梅,"",https://m.zhcommerce.com/zimgs/658ff6a1c3c1f3f26c401b3c6fe42e20?f=JPEG&&time=1753173992936&width=480&height=480
90618,stanley,"",https://m.zhcommerce.com/zimgs/90fa587acc0cccf38e9cc5045b9a4518?f=JPEG&&time=1753088149889&width=480&height=480
90949,itib,"13298361993",https://m.zhcommerce.com/zimgs/2f517b1c0392b05013229d1627cc476c?f=JPEG&time=1690769088217&width=480&height=480
90975,photosim,"",""
90989,Sprandi,"",https://m.zhcommerce.com/zimgs/ec689e1ccbff45c3f8a3cf4a87d119a5?f=JPEG&&time=1753069070979&width=480&height=480
90990,YONEX,"",""
90991,Fjallraven,"",https://m.zhcommerce.com/zimgs/e8abc4ab3bd9a5f7238a59e02faa451f?f=JPEG&&time=1753069035907&width=480&height=480
90997,L5-S33-jnby BY JNBY,"",https://m.zhcommerce.com/zimgs/65a035d94e40b8b3a465ae84b4ad967c?f=JPEG&&time=1756177086991&width=480&height=480
91190,KOLON SPORT,"",""
91225,甬江烟火,"",https://m.zhcommerce.com/zimgs/cb70d58feb8855ffc4b75cd6b113ec2c?f=JPEG&&time=1754461367524&width=480&height=480
91363,树夏,"",https://m.zhcommerce.com/zimgs/05bccac007cf702643d7a2003333e530?f=JPEG&&time=1755568509237&width=480&height=480
91396,茉莉奶白-LB-S14,"",https://m.zhcommerce.com/zimgs/b66829e11a2fc51d28864bfdbe419b6a?f=JPEG&&time=1755693645648&width=480&height=480
91512,闲鱼宝盒LBH16,"",""
91513,福彩,"",""
91860,七度银饰,"",""
91873,小电 ,"",https://m.zhcommerce.com/zimgs/853cec2c9c5553aa97115a6508994113?f=PNG&&time=1722589503813&width=480&height=480
91915,柠季-LB-K10A,"",https://m.zhcommerce.com/zimgs/33314da24efd0ed8ba9d4865c4c7c129?f=JPEG&&time=1755568543699&width=480&height=480
91951,茶百道-LB-H1A,"",https://m.zhcommerce.com/zimgs/d0d84e8f6bfc4cb363665c6004c1862d?f=JPEG&&time=1755568414169&width=480&height=480
91955,INUU-新,"",""
91986,水孩儿,"",https://m.zhcommerce.com/zimgs/961865483fc5c89d280c4d54d00d45ec?f=JPEG&&time=1756177116916&width=480&height=480
91987,TARANIS-L5-S32,"",""
92025,L304BCalvin Klein Underwear,"",""
92170,玫珂菲,"0371-65151577",https://m.zhcommerce.com/zimgs/0c0535f5a2d0498813f4f17085101864?f=PNG&time=1650330835666
92179,PEACEBIRD-L435,"",https://m.zhcommerce.com/zimgs/9b8016819ff83aaed85b396d9866408a?f=JPEG&&time=1757920952868&width=480&height=480
92281,ACMEITEM,"",""
92304,Tiger,"",""
92362,影石360,"",""
92553,鸡柳大人,"",https://m.zhcommerce.com/zimgs/7c0883bc5fb5d09b8d9204120615e7e1?f=JPEG&&time=1755568980900&width=480&height=480
92569,科沃斯LBM11,"",https://m.zhcommerce.com/zimgs/ddc27836c5acc42977b8f69c65b88e91?f=JPEG&&time=1754549043901&width=480&height=480
92969,EA表,"",https://prod-deployment.oss-cn-hangzhou.aliyuncs.com/841825b653d94b83acddc7b61745aca8_%E7%A9%BA%E7%99%BDlogo.jpeg
92970,飞亚达LBM17,"",https://m.zhcommerce.com/zimgs/eb83d6e751d91e2f2e4b7eaf67049f9f?f=JPEG&&time=1755679769142&width=480&height=480
92971,Tissot,"",https://m.zhcommerce.com/zimgs/efbef2a29889c28160edba91a2cfac59?f=JPEG&&time=1755567976725&width=480&height=480
92972,ENICAR,"",""
92975,Peet’s Coffee,"",""
92995,鲸哆热卤,"",https://m.zhcommerce.com/zimgs/18aa3e8de0d64ce96950d718f9d83dee?f=JPEG&&time=1755568255788&width=480&height=480
92996,京润珍珠,"",""
93028,一杯Ebae,"",""
93077,New Balance,"",""
93088,正弘城-6F会员中心,"0371-88921111",https://m.zhcommerce.com/zimgs/d88247f86838606caf59539969e11b63?f=PNG&time=1648518104775
93095,点都德,"",""
93096,Salomon,"",https://m.zhcommerce.com/zimgs/e67afc605a89db0de47bb70a736527b3?f=JPEG&&time=1757220653876&width=480&height=480
93097,瑞幸咖啡--L811,"",""
93113,蒋蒋美甲美睫LBH18,"",""
93114,"98美甲美睫","",""
93142,盛小虎,"",https://m.zhcommerce.com/zimgs/8c16bd9554bacb3a740af9e35a817585?f=JPEG&&time=1755682081096&width=480&height=480
93152,脸红秦田田,"",""
94066,曼卡龙LB_M09C,"",https://m.zhcommerce.com/zimgs/7e4d9a09d1cccf0757f754a549de1c8b?f=JPEG&&time=1755567596312&width=480&height=480
94067,朱炳仁.铜,"",https://m.zhcommerce.com/zimgs/430f9be8b44c56185435dda34ec66b83?f=JPEG&&time=1755567148217&width=480&height=480
94068,wow beauty,"",https://m.zhcommerce.com/zimgs/7e873855344d57457810d2e99b49f833?f=JPEG&&time=1755567501713&width=480&height=480
94069,玩刻LBH23,"",https://m.zhcommerce.com/zimgs/44579242dc84a87fd58bab4bd00701cf?f=JPEG&&time=1755566688867&width=480&height=480
94070,转转LBH24,"",https://m.zhcommerce.com/zimgs/333d18deef16e2be5365d862de2b42f6?f=JPEG&&time=1755567546128&width=480&height=480
94071,鱿鱼君,"",https://m.zhcommerce.com/zimgs/4fa914c011a7aaac82dc303fe8a9919f?f=JPEG&&time=1755567750021&width=480&height=480
94072,叶婆手作-LB-K31,"",https://m.zhcommerce.com/zimgs/fb89336cfa81806a2a42400c699d53b6?f=JPEG&&time=1755567385093&width=480&height=480
94135,KIDSING,"",""
94136,学而思,"",https://m.zhcommerce.com/zimgs/2d3d9f8c16ead92ea94c67695228caec?f=JPEG&&time=1759223682686&width=480&height=480
94180,佟源记-LB-K34,"",""
94188,Saucony-L505A,"",""
94432,Game Point,"",https://m.zhcommerce.com/zimgs/0803b9067b06e756014e2f297ceddf9f?f=JPEG&&time=1752745816933&width=480&height=480
95140,Birkenstock,"",https://m.zhcommerce.com/zimgs/67880e2066884f59c37a98f2af966abc?f=JPEG&&time=1756176955907&width=480&height=480
95209,香翩调香室,"",""
95249,老凤祥&藏宝金-L228新,"",https://m.zhcommerce.com/zimgs/a94fffd089fc837915b2039f193ad14f?f=PNG&&time=1757221185380&width=480&height=480
95250,老凤祥&藏宝金-L228C新,"",https://m.zhcommerce.com/zimgs/a94fffd089fc837915b2039f193ad14f?f=PNG&&time=1757221237888&width=480&height=480
95251,老凤祥&藏宝金-L228B新,"",https://m.zhcommerce.com/zimgs/a94fffd089fc837915b2039f193ad14f?f=PNG&&time=1757221267163&width=480&height=480
95252,老凤祥&藏宝金-L228D新,"",https://m.zhcommerce.com/zimgs/a94fffd089fc837915b2039f193ad14f?f=PNG&&time=1757221146919&width=480&height=480
95253,老凤祥&藏宝金-L228A新,"",https://m.zhcommerce.com/zimgs/a94fffd089fc837915b2039f193ad14f?f=PNG&&time=1757221211043&width=480&height=480
95255,The North Face,"13937100614",https://m.zhcommerce.com/zimgs/18fe10a222948e1363967c7df6a9816f?f=JPEG&time=1648466009825
95256,MISS NAIL,"",""
95257,WR-04 LOGALOGA,"",""
95258,L320-ZUCZUG,"",""
95259,Jin vera,"",""
95260,BADINA CHIC,"",""
95280, 凤生仔-顺德干蒸饭,"",https://m.zhcommerce.com/zimgs/a351ca373b7759a4fb3dd7bc2fa8b168?f=JPEG&&time=1758679538758&width=480&height=480
95281,虎丫炒鸡-L8-S2,"",https://m.zhcommerce.com/zimgs/f43a5baaf8809eb0b985f0aa444bd45d?f=JPEG&&time=1758262042664&width=480&height=480
95282,Le Fame,"18539943300",https://m.zhcommerce.com/zimgs/4b7d567c293998268d1c99b15119a25c?f=JPEG&time=1694655552433&width=480&height=480
95285,喜家德,"",https://m.zhcommerce.com/zimgs/ee34a0ac6e7ae5085e842288cb181593?f=JPEG&&time=1758261998821&width=480&height=480
95295,阿吉豆LBK58,"",""
95299,ONE WAY,"",""
95307,老庙-L227A镶嵌,"",""
95308,老庙-L227A4金条,"",""
95309,老庙-L227A2黄金饰品,"",""
95310,老庙-L227A3素金,"",""
95344,泰香米,"",https://m.zhcommerce.com/zimgs/05189afef28fdc34e768943a67c91cfb?f=JPEG&&time=1758685537003&width=480&height=480
95346,番茄口袋,"",""
95412,AGETE,"15237106101",https://m.zhcommerce.com/zimgs/e3dfa13d8bf707d09d97665bb394f278?f=JPEG&time=1694654987315&width=480&height=480
95414,都来比个椰,"",""
95449,blueglass,"",""
95509,璨然珠宝,"",""
95510,国家宝藏L229,"",""
95511,国家宝藏L229B,"",""
95512,国家宝藏L229A,"",""
95513,国家宝藏L229C,"",""
95514,国家宝藏L229D,"",""
95524,岛姜家,"",https://m.zhcommerce.com/zimgs/46efd9de5bcebc0e4f0a429f939b8db0?f=JPEG&&time=1751280834335&width=480&height=480
95531,铁板诱惑-L712,"",https://m.zhcommerce.com/zimgs/115b9c156cf13a03cdc46d77eb244df4?f=JPEG&&time=1757667515530&width=480&height=480
95581,希尚潮品,"",https://m.zhcommerce.com/zimgs/eb127187eeea5971dfe6b006cb4fbfcb?f=JPEG&&time=1741175238371&width=480&height=480
95708,YEAH！嘢好食,"",""
95780,佳兰奢侈品皮具维护,"15936203537",https://m.zhcommerce.com/zimgs/bdbf2a1821dde0022307a0ee14c5fd53?f=JPEG&time=1566182515219
95796,the faith mind,"",""
95811,博多天一天婦羅 牛排飯,"",""
95812,mirabell美丽宝,"",""
95865,Red Copper-新,"",""
95874,珠利莱,"",""
95875,DIANA,"",""
95897,黛珂,"13140045400",https://m.zhcommerce.com/zimgs/3e354fe2e9098591092c322ca2f67e4e?f=JPEG&time=1586243657963
95899,FLORA STAR,"",""
95920,JOE.GIDIS,"",""
96088,牧场奶仓,"",""
96126,九十葉,"",https://m.zhcommerce.com/zimgs/c1514142ef2aac2cd496803963294de5?f=JPEG&&time=1746771163484&width=480&height=480
96182,DR.KONG-新,"",""
96187,EAU FLORA,"",""
96219,MEILLEUR MOMENT,"",""
96220,balabala新,"",""
96223,小天才-L5M08,"",""
96243,AIMER-KIDS-新,"",""
96247,special gift,"",""
96250,场地 H'S ZONE+,"",""
96254,包小姐与鞋先生,"",https://prod-deployment.oss-cn-hangzhou.aliyuncs.com/d1e1404999b3466cb832074569406375_img_v3_02n2_7b5211bf-ed61-4c08-8884-152570dc320g.png
96255,mio,"",""
96256,LONGINES 临时柜,"",""
96263,麦陌-LB-K08、K09,"18538705357",https://m.zhcommerce.com/zimgs/37165564c15ead1d47f8509ff8aa14d5?f=PNG&time=1691139444861&width=480&height=480
96266,MINI PEACE(5F),"15803801657",https://m.zhcommerce.com/zimgs/8eb2c3d3a29187ae40eab7b4f8a09bcd?f=PNG&time=1695693743885&width=480&height=480
96300,智己,"",https://m.zhcommerce.com/zimgs/0fca21c242d532482949e60f39ec8da2?f=JPEG&&time=1751421548226&width=480&height=480
96302,蔚来L156,"15638189299",https://m.zhcommerce.com/zimgs/0869becf3b8888ef0d31e753f3bb2564?f=JPEG&time=1707184297161&width=480&height=480
97056,MAXMCCOY,"",""
97717,科大讯飞-临时柜,"",""
97953,亚市多胡椒铁板厨房,"",""
97954,阿元来了,"",""
97955,鲜芋仙-LB-K35,"",""
97956,manner,"",""
97968,林清轩LB_K63A,"18790509594",https://m.zhcommerce.com/zimgs/e9b6e21c25fb0906b2aeeef3d4258ec7?f=JPEG&time=1712130344851&width=480&height=480
98750,special gift-L6-M03,"",""
99083,M1M2-新,"",""
