店铺名称,来源,类型
 ANTA,stores_202510241428,独有
 BOSIDENG,stores_202510241428,独有
 CALLISTO,stores_202510241428,独有
 CONVERSE,stores_202510241428,独有
 Cabbeen,stores_202510241428,独有
 Inis Palliser-暂不用,stores_202510241428,独有
 M-STAND,stores_202510241428,独有
 MARYKKI,stores_202510241428,独有
 NIKE,stores_202510241428,独有
 Timberland,stores_202510241428,独有
 VANS,stores_202510241428,独有
 凤生仔-顺德干蒸饭,stores_202510241428,独有
13DE MARZO,stores_202510241428,独有
2平米（5F）,stores_202510241428,独有
3CE,stores_202510241428,独有
7-11,stores_202510241428,独有
98美甲美睫,stores_202510241428,独有
@KB SPACE,stores_202510241428,独有
ACMEITEM,stores_202510241428,独有
ADIDAS,stores_202510241428,独有
AGETE,stores_202510241428,独有
AIMER-KIDS-新,stores_202510241428,独有
AIR JORDAN,stores_202510241428,独有
ANTA KIDS	 L5_S38+S39+S40+S41,stores_202510241428,独有
ANYSPOOR,stores_202510241428,独有
APM Monaco,stores_202510241428,独有
ARIOSEYEARS,stores_202510241428,独有
ASICS,stores_202510241428,独有
Acqua di Parma,stores_202510241428,独有
Amazing Song,stores_202510241428,独有
BADINA CHIC,stores_202510241428,独有
BAIZHUO-L333,stores_202510241428,独有
BELLE-L3_S05,stores_202510241428,独有
BLANCORE,stores_202510241428,独有
BOLON,stores_202510241428,独有
BOSS  SUNWEN,stores_202510241428,独有
BOY LONDON,stores_202510241428,独有
BVLGARI BEAUTY,stores_202510241428,独有
Bally,stores_202510241428,独有
Biotherm,stores_202510241428,独有
Birkenstock,stores_202510241428,独有
Breo,stores_202510241428,独有
CAN,stores_202510241428,独有
CASIO （LB-K63）,stores_202510241428,独有
CGV影城,stores_202510241428,独有
CHOCHOSROOM,stores_202510241428,独有
COACH,stores_202510241428,独有
COFANCY,stores_202510241428,独有
COLUMBIA,stores_202510241428,独有
COODOO,stores_202510241428,独有
COVEN GARDEN（新）,stores_202510241428,独有
COVER蔻弗,stores_202510241428,独有
CPB,stores_202510241428,独有
CROCS-LB24,stores_202510241428,独有
Calvin Klein Jeans,stores_202510241428,独有
Cartier ,stores_202510241428,独有
CellCare,stores_202510241428,独有
Champion,stores_202510241428,独有
Charles&Keith,stores_202510241428,独有
DESCENTE,stores_202510241428,独有
DESIGNICE+,stores_202510241428,独有
DIANA,stores_202510241428,独有
DISSONA(新),stores_202510241428,独有
DOMIAMIA,stores_202510241428,独有
DR-L232,stores_202510241428,独有
DR-L232A,stores_202510241428,独有
DR-L232B,stores_202510241428,独有
DR.KONG(5F),stores_202510241428,独有
DR.KONG-新,stores_202510241428,独有
DistinKidny,stores_202510241428,独有
DysonLB13,stores_202510241428,独有
E.LAND,stores_202510241428,独有
E.LAND KIDS(5F),stores_202510241428,独有
EAU FLORA,stores_202510241428,独有
EA表,stores_202510241428,独有
ECCO-L208,stores_202510241428,独有
ENICAR,stores_202510241428,独有
EVISU,stores_202510241428,独有
FILA,stores_202510241428,独有
FILA KIDS (5F),stores_202510241428,独有
FLORA STAR,stores_202510241428,独有
FOS,stores_202510241428,独有
FUN,stores_202510241428,独有
Fjallraven,stores_202510241428,独有
GELATO PIQUE,stores_202510241428,独有
GGCC,stores_202510241428,独有
GLITTERISH,stores_202510241428,独有
GOTO,stores_202510241428,独有
GXG,stores_202510241428,独有
Game Point,stores_202510241428,独有
Givenchy,stores_202510241428,独有
Gucci Jewellery,stores_202510241428,独有
Guerlain,stores_202510241428,独有
H'S ZONE+,stores_202510241428,独有
HEFANG,stores_202510241428,独有
HLA,stores_202510241428,独有
HOKA,stores_202510241428,独有
HPLY,stores_202510241428,独有
HUAIWEI(新）,stores_202510241428,独有
Hape,stores_202510241428,独有
Hechter Paris,stores_202510241428,独有
Hermes Beauty,stores_202510241428,独有
Hourglass,stores_202510241428,独有
Hugo Boss,stores_202510241428,独有
INUU-新,stores_202510241428,独有
IPSA,stores_202510241428,独有
IRO,stores_202510241428,独有
IWC,stores_202510241428,独有
JACK&JONES-L622,stores_202510241428,独有
JAKET,stores_202510241428,独有
JAKET-L624,stores_202510241428,独有
JARGEE FOTO点位,stores_202510241428,独有
JNBY(新),stores_202510241428,独有
JOE.GIDIS,stores_202510241428,独有
JUST FOTO,stores_202510241428,独有
Jin vera,stores_202510241428,独有
Jo Malone,stores_202510241428,独有
KIDSING,stores_202510241428,独有
KOLON SPORT,stores_202510241428,独有
L'OCCITANE,stores_202510241428,独有
L'OREAL,stores_202510241428,独有
L1-M02通灵,stores_202510241428,独有
L302DIAMOND DAZZLE,stores_202510241428,独有
L303IDPAN,stores_202510241428,独有
L304BCalvin Klein Underwear,stores_202510241428,独有
L320-ZUCZUG,stores_202510241428,独有
L420-OETZI,stores_202510241428,独有
L5-S33-jnby BY JNBY,stores_202510241428,独有
L6-M01-石头科技,stores_202510241428,独有
LALABOBO,stores_202510241428,独有
LAMY (3F),stores_202510241428,独有
LEGO(3F),stores_202510241428,独有
LENOVO-L6_S7,stores_202510241428,独有
LESS(新),stores_202510241428,独有
LESTICK乐贴,stores_202510241428,独有
LEVI'S,stores_202510241428,独有
LILANZ ,stores_202510241428,独有
LINING YOUNG（5F）,stores_202510241428,独有
LM-A,stores_202510241428,独有
LM-B,stores_202510241428,独有
LM-C,stores_202510241428,独有
LONGINES 临时柜,stores_202510241428,独有
LOOWO,stores_202510241428,独有
Le Fame,stores_202510241428,独有
Lolarose,stores_202510241428,独有
Lululemon,stores_202510241428,独有
Luxemporium,stores_202510241428,独有
M-STAND-L4-M01,stores_202510241428,独有
M.A.C,stores_202510241428,独有
M1M2(多经),stores_202510241428,独有
M1M2-新,stores_202510241428,独有
MAS'S  Dovedo,stores_202510241428,独有
MAXMCCOY,stores_202510241428,独有
MCM,stores_202510241428,独有
MEILLEUR MOMENT,stores_202510241428,独有
MEILLEUR MOMENT （新）,stores_202510241428,独有
MELAND,stores_202510241428,独有
MICHAEL KORS,stores_202510241428,独有
MINGSI,stores_202510241428,独有
MINI PEACE(5F),stores_202510241428,独有
MINISO LB08A,stores_202510241428,独有
MISS NAIL,stores_202510241428,独有
MISS SIXTY,stores_202510241428,独有
MLB,stores_202510241428,独有
MO&CO.,stores_202510241428,独有
MO&Co.edition,stores_202510241428,独有
Maje,stores_202510241428,独有
Mardi Mercredi,stores_202510241428,独有
Max&Co,stores_202510241428,独有
Monologue,stores_202510241428,独有
NEIWAI,stores_202510241428,独有
NEW BALANCE KIDS(5F),stores_202510241428,独有
Nars,stores_202510241428,独有
New Balance,stores_202510241428,独有
Nike young（5F）,stores_202510241428,独有
O'EAT外摆,stores_202510241428,独有
OFFICE-LB_M20,stores_202510241428,独有
OGAWA,stores_202510241428,独有
OH MY HEAD,stores_202510241428,独有
OMEGA,stores_202510241428,独有
ONE WAY,stores_202510241428,独有
ONLY-L417,stores_202510241428,独有
OPPOLB15,stores_202510241428,独有
Orange Season,stores_202510241428,独有
O＇EAT,stores_202510241428,独有
PARKER & Wood Wick,stores_202510241428,独有
PEACEBIRD  MAN,stores_202510241428,独有
PEACEBIRD-L435,stores_202510241428,独有
PINKROSE,stores_202510241428,独有
POP MART-LB03,stores_202510241428,独有
PORTS,stores_202510241428,独有
PUMA-L623,stores_202510241428,独有
Peet’s Coffee,stores_202510241428,独有
Polo Ralph Lauren,stores_202510241428,独有
Prada,stores_202510241428,独有
QIMOO(5F),stores_202510241428,独有
RADO,stores_202510241428,独有
RAPIDO GOLF,stores_202510241428,独有
RE'VAN,stores_202510241428,独有
RED VICUTU,stores_202510241428,独有
Rebecca,stores_202510241428,独有
Red Copper-新,stores_202510241428,独有
RiotLILY,stores_202510241428,独有
Rolex,stores_202510241428,独有
SKECHERS,stores_202510241428,独有
SKG,stores_202510241428,独有
SKII,stores_202510241428,独有
ST&SAT,stores_202510241428,独有
STACCATO-L3_S01,stores_202510241428,独有
STARTER,stores_202510241428,独有
SUPIN LIFE,stores_202510241428,独有
SUPIN-L426A,stores_202510241428,独有
Salomon,stores_202510241428,独有
Sam Edelman L3-S11,stores_202510241428,独有
Samsonite,stores_202510241428,独有
Sandro,stores_202510241428,独有
Saucony-L505A,stores_202510241428,独有
Self portrait,stores_202510241428,独有
Shu Uemura,stores_202510241428,独有
Sisley,stores_202510241428,独有
Skin Ceuticals,stores_202510241428,独有
Sprandi,stores_202510241428,独有
TAKAMI,stores_202510241428,独有
TAMMY TANGS,stores_202510241428,独有
TARANIS-L5-S32,stores_202510241428,独有
TINECO-L6_S3,stores_202510241428,独有
TITONI,stores_202510241428,独有
TRENDIANO,stores_202510241428,独有
Tartine et Chocolat,stores_202510241428,独有
Tata,stores_202510241428,独有
Tautropfen,stores_202510241428,独有
Teenie Weenie,stores_202510241428,独有
Teenmix,stores_202510241428,独有
The North Face,stores_202510241428,独有
Theory,stores_202510241428,独有
Tiger,stores_202510241428,独有
Tissot,stores_202510241428,独有
Tom Ford,stores_202510241428,独有
Tory Burch,stores_202510241428,独有
Tudor,stores_202510241428,独有
U MORE U YOUNG,stores_202510241428,独有
UDV,stores_202510241428,独有
UGG,stores_202510241428,独有
UNIQUE BUTTERFLY,stores_202510241428,独有
URLAZH,stores_202510241428,独有
Under Armour,stores_202510241428,独有
VIVO,stores_202510241428,独有
Valmont,stores_202510241428,独有
WALSH,stores_202510241428,独有
WHOO,stores_202510241428,独有
WR-04 LOGALOGA,stores_202510241428,独有
Wilson,stores_202510241428,独有
YEAH！嘢好食,stores_202510241428,独有
YONEX,stores_202510241428,独有
ZIOZIA,stores_202510241428,独有
babycare,stores_202510241428,独有
balabala新,stores_202510241428,独有
black head,stores_202510241428,独有
blueglass,stores_202510241428,独有
chuu（新）,stores_202510241428,独有
d'zzit（新）,stores_202510241428,独有
dreame,stores_202510241428,独有
indicia-L407,stores_202510241428,独有
itib,stores_202510241428,独有
it‘REAL（新）,stores_202510241428,独有
kb-space,stores_202510241428,独有
little mo&co-新,stores_202510241428,独有
manner,stores_202510241428,独有
medici,stores_202510241428,独有
mio,stores_202510241428,独有
mirabell美丽宝,stores_202510241428,独有
moodytiger,stores_202510241428,独有
ovv（新）,stores_202510241428,独有
paw in paw&paw in paw baby(5F),stores_202510241428,独有
photosim,stores_202510241428,独有
roll'ing-LB-S05,stores_202510241428,独有
special gift,stores_202510241428,独有
special gift-L6-M03,stores_202510241428,独有
stanley,stores_202510241428,独有
the faith mind,stores_202510241428,独有
voyah,stores_202510241428,独有
we11done,stores_202510241428,独有
wow beauty,stores_202510241428,独有
yeehoo（5F）,stores_202510241428,独有
一只酸奶牛-L8-M02,stores_202510241428,独有
一撇一捺,stores_202510241428,独有
一杯Ebae,stores_202510241428,独有
七度银饰,stores_202510241428,独有
万益蓝,stores_202510241428,独有
上集,stores_202510241428,独有
中国体育彩票8F,stores_202510241428,独有
中国体育彩票LB-K44,stores_202510241428,独有
中国体育彩票LBH9,stores_202510241428,独有
中国李宁-L413,stores_202510241428,独有
中国珠宝-L2-M05,stores_202510241428,独有
中国珠宝-L2-M05A,stores_202510241428,独有
中国珠宝-L2-M05B,stores_202510241428,独有
中国珠宝-L2-M05C,stores_202510241428,独有
中国珠宝-L2-M05D,stores_202510241428,独有
中国黄金-L2-L01A-新,stores_202510241428,独有
中国黄金-L2-L01B-新,stores_202510241428,独有
中国黄金-L2-L01C-新,stores_202510241428,独有
中国黄金-新,stores_202510241428,独有
九筒冒菜,stores_202510241428,独有
亚市多胡椒铁板厨房,stores_202510241428,独有
京润珍珠,stores_202510241428,独有
代字行,stores_202510241428,独有
优衣库LB17-19,stores_202510241428,独有
传家金L1-M03,stores_202510241428,独有
传家金L1-M03A,stores_202510241428,独有
传家金L1-M03B,stores_202510241428,独有
伽百利,stores_202510241428,独有
佟源记-LB-K34,stores_202510241428,独有
佳兰奢侈品皮具维护,stores_202510241428,独有
全棉时代,stores_202510241428,独有
六福-L227B,stores_202510241428,独有
兰湘子-L8-S3,stores_202510241428,独有
兰蔻,stores_202510241428,独有
包小姐与鞋先生,stores_202510241428,独有
北京同仁堂,stores_202510241428,独有
博多天一天婦羅 牛排飯,stores_202510241428,独有
卡多多,stores_202510241428,独有
卡尔男士理容馆,stores_202510241428,独有
卡游-LB_K24、LB_K25,stores_202510241428,独有
双立人,stores_202510241428,独有
叶婆手作-LB-K31,stores_202510241428,独有
吾贵伦LBK51,stores_202510241428,独有
周大生珠宝,stores_202510241428,独有
周大生珠宝-L2-M02A,stores_202510241428,独有
周大生珠宝L2_M02B,stores_202510241428,独有
周大生珠宝L2_M02C,stores_202510241428,独有
周大生经典,stores_202510241428,独有
周大生经典-M08A,stores_202510241428,独有
周大福,stores_202510241428,独有
周生生-L231A,stores_202510241428,独有
周生生-L231B,stores_202510241428,独有
喜家德,stores_202510241428,独有
喜茶,stores_202510241428,独有
嘻游大玩家,stores_202510241428,独有
国家宝藏L229,stores_202510241428,独有
国家宝藏L229A,stores_202510241428,独有
国家宝藏L229B,stores_202510241428,独有
国家宝藏L229C,stores_202510241428,独有
国家宝藏L229D,stores_202510241428,独有
圣罗兰,stores_202510241428,独有
场地 H'S ZONE+,stores_202510241428,独有
场地 三星（悦豪）,stores_202510241428,独有
场地 丰田（桃竹源）,stores_202510241428,独有
场地 （洛屿骐美学生活）9F,stores_202510241428,独有
坚果L6_S6,stores_202510241428,独有
大人糖,stores_202510241428,独有
大张精品超市-LB_C20+C21,stores_202510241428,独有
大疆 LB05,stores_202510241428,独有
头号玩家,stores_202510241428,独有
始祖鸟,stores_202510241428,独有
娇韵诗,stores_202510241428,独有
娇韵诗美容坊,stores_202510241428,独有
学而思,stores_202510241428,独有
安润适,stores_202510241428,独有
完型,stores_202510241428,独有
完美日记_LB25,stores_202510241428,独有
富安娜,stores_202510241428,独有
小天才-L5M08,stores_202510241428,独有
小布,stores_202510241428,独有
小电 ,stores_202510241428,独有
小米之家,stores_202510241428,独有
小米之家LB30,stores_202510241428,独有
屈臣氏,stores_202510241428,独有
山水名物LBK45,stores_202510241428,独有
岚图-新,stores_202510241428,独有
崎本の店,stores_202510241428,独有
希尚潮品,stores_202510241428,独有
影石360,stores_202510241428,独有
德施曼L6_S4,stores_202510241428,独有
悦木之源,stores_202510241428,独有
拇指白小T,stores_202510241428,独有
昂跑,stores_202510241428,独有
星巴克,stores_202510241428,独有
智己,stores_202510241428,独有
曼卡龙LB_M09A,stores_202510241428,独有
曼卡龙LB_M09B,stores_202510241428,独有
曼卡龙LB_M09C,stores_202510241428,独有
曼妮芬,stores_202510241428,独有
木九十,stores_202510241428,独有
本涩,stores_202510241428,独有
朱炳仁.铜,stores_202510241428,独有
李宁,stores_202510241428,独有
极拉图-L8-S24,stores_202510241428,独有
极氪独栋新,stores_202510241428,独有
极米L6_S2,stores_202510241428,独有
林清轩LB_K63A,stores_202510241428,独有
果雨吧-L809B,stores_202510241428,独有
柠季-L713A,stores_202510241428,独有
柠季-LB-K10A,stores_202510241428,独有
树夏,stores_202510241428,独有
森舍,stores_202510241428,独有
欢喜有物,stores_202510241428,独有
歌莉娅,stores_202510241428,独有
正弘城-6F会员中心,stores_202510241428,独有
正弘城礼宾处,stores_202510241428,独有
毛戈平,stores_202510241428,独有
水孩儿,stores_202510241428,独有
沙驰L601,stores_202510241428,独有
沪上阿姨-L8S22,stores_202510241428,独有
泡泡玛特LB-S50,stores_202510241428,独有
泽田本家,stores_202510241428,独有
浮光之丘-LB-H21,stores_202510241428,独有
海蓝之谜,stores_202510241428,独有
海马体照相馆,stores_202510241428,独有
渔,stores_202510241428,独有
满巍明-LB-H1,stores_202510241428,独有
潮宏基-L2-M03A-新,stores_202510241428,独有
潮宏基-L2-M03B-新,stores_202510241428,独有
潮宏基-L2-M03C-新,stores_202510241428,独有
潮宏基-L2-M03新,stores_202510241428,独有
潮顽吾界,stores_202510241428,独有
点都德,stores_202510241428,独有
熹捞,stores_202510241428,独有
爪爪先生,stores_202510241428,独有
爪爪娃娃机,stores_202510241428,独有
爪爪娃娃机（新）,stores_202510241428,独有
爱慕-L328,stores_202510241428,独有
爷爷不泡茶-L804,stores_202510241428,独有
牧场奶仓,stores_202510241428,独有
特斯拉二楼,stores_202510241428,独有
犀有物种,stores_202510241428,独有
犀洋中古仓,stores_202510241428,独有
玩具名人堂,stores_202510241428,独有
玩刻LBH23,stores_202510241428,独有
玩米匠-LB_S42,stores_202510241428,独有
玩酷潮玩 LBK43,stores_202510241428,独有
玫珂菲,stores_202510241428,独有
珠利莱,stores_202510241428,独有
理想汽车,stores_202510241428,独有
瑞幸咖啡--L811,stores_202510241428,独有
瑞幸咖啡-L161,stores_202510241428,独有
瑞幸咖啡-L811,stores_202510241428,独有
瑞幸咖啡-LB_K11,stores_202510241428,独有
璨然珠宝,stores_202510241428,独有
甬江烟火,stores_202510241428,独有
番茄口袋,stores_202510241428,独有
皆得好市,stores_202510241428,独有
益禾堂-LB-K33,stores_202510241428,独有
盛小虎,stores_202510241428,独有
眷茶臻选,stores_202510241428,独有
矢量咖啡,stores_202510241428,独有
礼品部落LBK64,stores_202510241428,独有
礼部,stores_202510241428,独有
神盾局,stores_202510241428,独有
神盾局负一,stores_202510241428,独有
福录,stores_202510241428,独有
福彩,stores_202510241428,独有
科大讯飞-临时柜,stores_202510241428,独有
科沃斯LBM11,stores_202510241428,独有
科颜氏,stores_202510241428,独有
米缇尼8F,stores_202510241428,独有
索尼,stores_202510241428,独有
织布改衣,stores_202510241428,独有
结绳记LBM19,stores_202510241428,独有
羽西,stores_202510241428,独有
老凤祥&藏宝金-L228A新,stores_202510241428,独有
老凤祥&藏宝金-L228B新,stores_202510241428,独有
老凤祥&藏宝金-L228C新,stores_202510241428,独有
老凤祥&藏宝金-L228D新,stores_202510241428,独有
老凤祥&藏宝金-L228新,stores_202510241428,独有
老庙-L227A2黄金饰品,stores_202510241428,独有
老庙-L227A3素金,stores_202510241428,独有
老庙-L227A4金条,stores_202510241428,独有
老庙-L227A镶嵌,stores_202510241428,独有
老韩煸鸡-LB-S26,stores_202510241428,独有
耳语,stores_202510241428,独有
脸红秦田田,stores_202510241428,独有
舒福德,stores_202510241428,独有
艾美家,stores_202510241428,独有
芭比波朗,stores_202510241428,独有
花与珍珠匣,stores_202510241428,独有
花千代-L8-S6B,stores_202510241428,独有
苗,stores_202510241428,独有
英琪假发,stores_202510241428,独有
茉莉奶白-LB-S14,stores_202510241428,独有
茶百道-LB-H1A,stores_202510241428,独有
荣耀,stores_202510241428,独有
莱珀妮,stores_202510241428,独有
萌乐童年,stores_202510241428,独有
蒋蒋美甲美睫LBH18,stores_202510241428,独有
蔚来/NIO-L160,stores_202510241428,独有
蔚来L156,stores_202510241428,独有
蕉下,stores_202510241428,独有
蕉内,stores_202510241428,独有
薇诺娜,stores_202510241428,独有
薛记炒货LB-K06+07,stores_202510241428,独有
藏宝金-L2-M06,stores_202510241428,独有
虎丫炒鸡-L8-S2,stores_202510241428,独有
蝴蝶商店,stores_202510241428,独有
西西弗,stores_202510241428,独有
詹记-LB-K18,stores_202510241428,独有
诗普琳-L2-M04C,stores_202510241428,独有
诗普琳-L2_M04,stores_202510241428,独有
谭木匠,stores_202510241428,独有
资生堂,stores_202510241428,独有
赋梅,stores_202510241428,独有
赫莲娜,stores_202510241428,独有
转转LBH24,stores_202510241428,独有
迪奥,stores_202510241428,独有
迪奥-线上,stores_202510241428,独有
迪奥美容坊,stores_202510241428,独有
速写,stores_202510241428,独有
都来比个椰,stores_202510241428,独有
酷乐潮玩,stores_202510241428,独有
铁板诱惑-L712,stores_202510241428,独有
银小贝LBK42,stores_202510241428,独有
长城,stores_202510241428,独有
闲鱼宝盒LBH16,stores_202510241428,独有
阿元来了,stores_202510241428,独有
阿吉豆L429,stores_202510241428,独有
阿吉豆LBK58,stores_202510241428,独有
阿平牛杂-LB-K22,stores_202510241428,独有
阿玛尼,stores_202510241428,独有
阿甘锅盔-LB-K20,stores_202510241428,独有
陌森Molsion,stores_202510241428,独有
雅诗兰黛,stores_202510241428,独有
霸王茶姬-L135B,stores_202510241428,独有
飞亚达LBM17,stores_202510241428,独有
飞利浦 L6_S9,stores_202510241428,独有
香奈儿,stores_202510241428,独有
香奈儿美容坊,stores_202510241428,独有
香翩调香室,stores_202510241428,独有
馥蕾诗,stores_202510241428,独有
马拉丁（5F）,stores_202510241428,独有
鱿鱼君,stores_202510241428,独有
鲜芋仙-LB-K35,stores_202510241428,独有
鲸哆热卤,stores_202510241428,独有
鸡柳大人,stores_202510241428,独有
鸿蒙智行,stores_202510241428,独有
麦当劳,stores_202510241428,独有
麦陌-LB-K08、K09,stores_202510241428,独有
黛珂,stores_202510241428,独有
" ""name"": ""13DE MARZO男女同款 2025秋季新款恶魔小熊西装黑色休闲西服外套""",美食店铺+通识店铺,独有
" ""name"": ""2024年性感蕾丝睡衣女春秋长袖纯棉V领仙女人味白色家居服套装""",美食店铺+通识店铺,独有
" ""name"": ""2平米实木电动智能升降桌学习桌中小学生家用学习书桌椅套装悦己""",美食店铺+通识店铺,独有
" ""name"": ""ANRUZ橙花/鼠尾草/天竺葵补水易吸收保湿不油水乳质地护手霜50ml""",美食店铺+通识店铺,独有
" ""name"": ""ARC'TERYX始祖鸟 ATOM VEST 女子 保暖棉背心""",美食店铺+通识店铺,独有
" ""name"": ""ASICS亚瑟士男女越野跑鞋GEL-KAHANA 8户外登山鞋透气运动休闲鞋""",美食店铺+通识店铺,独有
" ""name"": ""BLACKHEAD/黑头惊蜕系列猫眼全框墨镜""",美食店铺+通识店铺,独有
" ""name"": ""BOSSSUNWEN/博斯·绅威新款透气运动板鞋厚底小白鞋真皮休闲鞋""",美食店铺+通识店铺,独有
" ""name"": ""BOYLONDON2025秋季新款印花男女同款朋克休闲潮牌短袖T恤N01273""",美食店铺+通识店铺,独有
" ""name"": ""CHUU字母刺绣长袖针织衫女2025秋季新品渐变色条纹撞色套头短上衣""",美食店铺+通识店铺,独有
" ""name"": ""CK运动25秋季新款女士中度支撑无痕宽肩带瑜伽健身文胸GWF5K124""",美食店铺+通识店铺,独有
" ""name"": ""CONVERSE匡威官方 春日外套男女美式复古飞行员夹克10024169""",美食店铺+通识店铺,独有
" ""name"": ""COVEN GARDEN/哥文花园小香风短外套女2025秋季新款蕾丝珠片名媛""",美食店铺+通识店铺,独有
" ""name"": ""Cartier卡地亚旗舰店LOVE系列 精密陶瓷 白金 铺镶钻石手镯[礼物]""",美食店铺+通识店铺,独有
" ""name"": ""Champion冠军老爹鞋25秋季新款齿鲨鞋女复古跑鞋男厚底增高休闲鞋""",美食店铺+通识店铺,独有
" ""name"": ""Crocs卡骆驰贝雅云彩洞洞鞋女鞋沙滩鞋户外厚底凉鞋拖鞋|208186""",美食店铺+通识店铺,独有
" ""name"": ""DESCENTE迪桑特训练男士加绒防泼水外套夹克""",美食店铺+通识店铺,独有
" ""name"": ""DR·爱恋 永生玫瑰抱抱桶纪念日礼物 求婚礼物 玫瑰花氛围道具""",美食店铺+通识店铺,独有
" ""name"": ""Domiamia床品四件套竹棉床笠被套轻奢套件纱布四季四件套可机洗""",美食店铺+通识店铺,独有
" ""name"": ""ECCOx白山联名系列 25新舒适长袖休闲风卫衣男女同款 EW253SW001""",美食店铺+通识店铺,独有
" ""name"": ""EVISU福神 2025秋新品男士海鸥贴布丝绒卡车帽2EAEJU5HT6117XXCT""",美食店铺+通识店铺,独有
" ""name"": ""F2明星同款【隐龙瑶】满钻老爹鞋复古超轻增高厚底门店男女同款""",美食店铺+通识店铺,独有
" ""name"": ""FILA FUSION 斐乐面包鞋丨情侣老爹鞋厚底女鞋复古篮球鞋运动鞋男""",美食店铺+通识店铺,独有
" ""name"": ""GGCC美式轻薄赛车德训鞋女红色2025年秋季新款百搭运动阿甘鞋板鞋""",美食店铺+通识店铺,独有
" ""name"": ""GIMING【商场同款】设计师品牌时尚简约百搭经典短款宽肩皮夹克女""",美食店铺+通识店铺,独有
" ""name"": ""GOTO魔“彤”限定三面透明S款手办盒labubu收纳盒拉布布展示柜""",美食店铺+通识店铺,独有
" ""name"": ""HEFANG何方珠宝橄榄花珍珠耳环轻奢优雅灵动饰品七夕礼物""",美食店铺+通识店铺,独有
" ""name"": ""HLA/海澜之家腰带男士真牛皮带自动扣百搭送男友老公七夕礼物""",美食店铺+通识店铺,独有
" ""name"": ""HOKA 男款秋季透气羊毛长袖上衣MERINO WOOL LS CHN新款""",美食店铺+通识店铺,独有
" ""name"": ""HPLY荷比俪2025秋新款女巴恩风短款翻领底特律宽松简约夹克外套女""",美食店铺+通识店铺,独有
" ""name"": ""Hape摩尔数学游戏儿童桌面游戏早教益智玩具男孩女孩生日礼物4岁+""",美食店铺+通识店铺,独有
" ""name"": ""IDPAN羊毛复古美式学院风千鸟格短外套女通勤小西装2025秋季新款""",美食店铺+通识店铺,独有
" ""name"": ""IRO Night 小香风半身裙宽松下摆毛边银丝混纺黑色25秋季新款""",美食店铺+通识店铺,独有
" ""name"": ""IWC万国手表官方旗舰大型飞行员系列减震装置XPL腕表特别版 新品""",美食店铺+通识店铺,独有
" ""name"": ""JNBY/江南布衣夏季女装简约休闲棉质九分裤工装裤阔腿裤5X5E10010""",美食店铺+通识店铺,独有
" ""name"": ""LACOSTE法国鳄鱼女士25春季新款时尚纯色通勤中号托特包|NF2037PO""",美食店铺+通识店铺,独有
" ""name"": ""LAMY凌美恒星系列礼盒唤醒蓝温网紫 学生文具节日送礼正姿小众礼物 定制刻字 节日礼品""",美食店铺+通识店铺,独有
" ""name"": ""LYNNMILO琳麦罗2023夏季女童连衣裙洋气公主白色珠片绣花少女裙子""",美食店铺+通识店铺,独有
" ""name"": ""Levi's李维斯25年秋冬新款男士美式宽松休闲工装飞行员夹克外套""",美食店铺+通识店铺,独有
" ""name"": ""Lola Rose罗拉玫瑰新款小棕表女士手表女款轻奢小众七夕礼物""",美食店铺+通识店铺,独有
" ""name"": ""Longines浪琴 官方正品时尚系列男士机械表瑞士手表情侣表腕表""",美食店铺+通识店铺,独有
" ""name"": ""MINGSI x JEEN合作系列夏季薄款藏青色立体剪裁镰刀裤JB102210611""",美食店铺+通识店铺,独有
" ""name"": ""Maje法式经典款女装星座系列白羊座简约水钻设计项链MFABI00759""",美食店铺+通识店铺,独有
" ""name"": ""Miss Sixty2025秋季新款无袖T恤女U领复古嘴唇印花背心短款上衣""",美食店铺+通识店铺,独有
" ""name"": ""New Balance NB官方25男款潮流时尚舒适百搭运动夹克外套MDF33311""",美食店铺+通识店铺,独有
" ""name"": ""OETZI冰人奥兹冰山果冻厚底翻毛皮低帮鞋春秋季情侣款丑萌面包鞋""",美食店铺+通识店铺,独有
" ""name"": ""OVV2025秋冬新款女装精致活泼A字裙摆千鸟格纹百褶裙""",美食店铺+通识店铺,独有
" ""name"": ""On昂跑 Cloudpulse Pro 2025 秋冬新品女款健身训练鞋""",美食店铺+通识店铺,独有
" ""name"": ""POPMART泡泡玛特共鸣 间谍过家家角色系列毛绒盲盒潮流玩具礼物""",美食店铺+通识店铺,独有
" ""name"": ""Pandora潘多拉闪亮永恒符号项链颈饰简约莫比乌斯环七夕礼物""",美食店铺+通识店铺,独有
" ""name"": ""Panerai沛纳海潜行系列2231碳纤维表带运动机械手表男42MM表盘""",美食店铺+通识店铺,独有
" ""name"": ""Prada/普拉达女士棉质迷你半身裙""",美食店铺+通识店铺,独有
" ""name"": ""Qimoo/淇木25秋季新款童装女童蝴蝶结假两件T恤上衣QSS3TC606X""",美食店铺+通识店铺,独有
" ""name"": ""Ralph Lauren/拉夫劳伦男童 经典款BigPony网眼Polo衫RL33082""",美食店铺+通识店铺,独有
" ""name"": ""SAM EDELMAN山姆爱德曼2025新品单肩优雅手拿包焦糖色单肩包KAMA""",美食店铺+通识店铺,独有
" ""name"": ""SANDRO经典款女装法式气质英伦风压褶长款系带大衣外套SFPOU00130""",美食店铺+通识店铺,独有
" ""name"": ""SEY苗UZU雨竹苗2025年新款U领无袖修身背心女针织吊带外穿打底衫""",美食店铺+通识店铺,独有
" ""name"": ""STARTER长袖T恤2025秋季新款女生休闲宽松小白动物卫衣衬衫上衣""",美食店铺+通识店铺,独有
" ""name"": ""SUPERSTAR复古低帮贝壳头运动板鞋男女adidas阿迪达斯官方三叶草""",美食店铺+通识店铺,独有
" ""name"": ""SUPIN速品2025秋季极简U领短袖连衣裙""",美食店铺+通识店铺,独有
" ""name"": ""Samsonite新秀丽托特包便携大容量女休闲百搭可折叠通勤包""",美食店铺+通识店铺,独有
" ""name"": ""TATA他她太空玩家银色老爹鞋女款透气厚底增高复古休闲运动鞋新款""",美食店铺+通识店铺,独有
" ""name"": ""TINECO添可洗地机芙万Slim、2.0slim适用滚刷""",美食店铺+通识店铺,独有
" ""name"": ""TRENDIANO梭织弹力棉松紧腰休闲裤男士长裤子1SM2060700""",美食店铺+通识店铺,独有
" ""name"": ""Theory 2025秋冬新品女装 羊毛混纺无袖风衣连衣裙 P0801603""",美食店铺+通识店铺,独有
" ""name"": ""UDV复古回潮厚底德训鞋女2025秋季新款美拉德休闲板鞋真皮运动鞋""",美食店铺+通识店铺,独有
" ""name"": ""UGG秋季新款女士时尚舒适保暖舒适平底圆头休闲雪地靴短靴1174511""",美食店铺+通识店铺,独有
" ""name"": ""WE11DONE24早秋新品女士格纹堆叠logo半身裙""",美食店铺+通识店铺,独有
" ""name"": ""Whoo后拱辰享气韵生润颜洁面膏40ml*2 非卖品""",美食店铺+通识店铺,独有
" ""name"": ""Wilson威尔胜官方25年夏季新款男士运动飞织工艺网球针织短袖POLO""",美食店铺+通识店铺,独有
" ""name"": ""[24期免息][新款]GUCCI古驰儿童GG羊毛连衣裙""",美食店铺+通识店铺,独有
" ""name"": ""[新年开运红]【赵丽颖同款】self-portrait 蝴蝶结扣饰红色针织裙""",美食店铺+通识店铺,独有
" ""name"": ""babycare皇室pro纸尿裤/拉拉裤超薄透气婴儿尿不湿便携试用装[zx]""",美食店铺+通识店铺,独有
" ""name"": ""dzzit地素毛呢大衣2024冬季环保皮包边上衣女""",美食店铺+通识店铺,独有
" ""name"": ""gelato pique25秋冬新品男士雪纳瑞印花短袖情侣T恤PMCT254314""",美食店铺+通识店铺,独有
" ""name"": ""it'real瑞尔25年秋季新款温柔气质胸口立体花朵长袖衬衫上衣女""",美食店铺+通识店铺,独有
" ""name"": ""m1m2西班牙童鞋夏男女童双杠德训鞋儿童网面透气休闲鞋软底学步鞋""",美食店铺+通识店铺,独有
" ""name"": ""moodytiger女童长袖T恤25秋季新款吸汗透气打底衫运动百搭上衣""",美食店铺+通识店铺,独有
" ""name"": ""redcopper童装男童2025新款秋季休闲洋气两件套儿童防风夹克套装""",美食店铺+通识店铺,独有
" ""name"": ""tartineetchocolat法国巧克力童装25夏季新款女童新中式连衣裙""",美食店铺+通识店铺,独有
" ""name"": ""【100%山羊绒】PawinPaw卡通小熊童装秋冬男女童圆领毛衣""",美食店铺+通识店铺,独有
" ""name"": ""【4A抗菌】ZIOZIA通勤男装25夏新款海鸥领商务休闲POLO衫T恤短袖""",美食店铺+通识店铺,独有
" ""name"": ""【8月自播回购券】纪梵希四宫格柔雾散粉小样01色""",美食店铺+通识店铺,独有
" ""name"": ""【91%羊毛】callisto卡利斯特男士秋季外套男装休闲西装上衣便西""",美食店铺+通识店铺,独有
" ""name"": ""【C+系列】MOCO针织衫轻薄2025夏新品醋酸棉宽肩MBE2SWT026航海系""",美食店铺+通识店铺,独有
" ""name"": ""【zb】追觅新款电动智能牙刷声波情侣款送礼成人软毛F01""",美食店铺+通识店铺,独有
" ""name"": ""【七夕礼物】 Valmont/法儿曼舒缓柔肤精华30ml ※法尔曼""",美食店铺+通识店铺,独有
" ""name"": ""【七夕礼物】CHANEL 香奈儿自我男性淡香水 清新琥珀木质调男士""",美食店铺+通识店铺,独有
" ""name"": ""【七夕礼物】Fresh馥蕾诗澄糖护唇膏 经典有色润唇膏水润护唇""",美食店铺+通识店铺,独有
" ""name"": ""【七夕礼物】NARS双色眼影 经典吉隆坡 圣保罗 爱情灵药""",美食店铺+通识店铺,独有
" ""name"": ""【七夕礼物】Rado瑞士雷达表晶萃系列镶钻陶瓷精钢表带女款机械表""",美食店铺+通识店铺,独有
" ""name"": ""【七夕礼物】Tissot天梭25新品小美人Désir系列星光款石英女表""",美食店铺+通识店铺,独有
" ""name"": ""【七夕礼物】YSL圣罗兰小金条口红 小黑条哑光唇膏送女友顺丰速达""",美食店铺+通识店铺,独有
" ""name"": ""【七夕礼物】sisley希思黎护发礼盒钛黑瓶护发精油 刘雨昕推荐""",美食店铺+通识店铺,独有
" ""name"": ""【七夕礼物】娇韵诗青春赋活精华水少女水保湿水爽肤水补水透亮""",美食店铺+通识店铺,独有
" ""name"": ""【七夕礼物】暴龙近视眼镜框椭圆钛百搭素颜镜框男全框女BA7052""",美食店铺+通识店铺,独有
" ""name"": ""【七夕礼物】林清轩山茶花修护滋养面霜50m补水保湿官方正品""",美食店铺+通识店铺,独有
" ""name"": ""【七夕礼物】植村秀砍刀眉笔防水持久防汗自然野生眉新手适用""",美食店铺+通识店铺,独有
" ""name"": ""【七夕礼物】海蓝之谜经典面霜修护套装保湿紧致抗皱舒缓顺丰速达""",美食店铺+通识店铺,独有
" ""name"": ""【七夕礼物】碧欧泉旗舰店水动力男士专用清爽去油洗面奶送男友""",美食店铺+通识店铺,独有
" ""name"": ""【七夕礼物】莱珀妮轻盈防晒乳液SPF50/PA+++ 防晒乳液""",美食店铺+通识店铺,独有
" ""name"": ""【七夕礼物】赫莲娜黑白绷带面霜套装玻色因抗皱抗老紧致护肤礼盒""",美食店铺+通识店铺,独有
" ""name"": ""【七夕礼物】陌森糖果眼镜玳瑁椭圆猫眼墨镜女新品太阳镜男MS3123""",美食店铺+通识店铺,独有
" ""name"": ""【七夕礼物定制】SK-II NO.1神仙水明星礼盒护肤品送女友sk2skII""",美食店铺+通识店铺,独有
" ""name"": ""【七夕礼物速达】Hermes爱马仕丝巾香水丝意淡香精twilly花香正品""",美食店铺+通识店铺,独有
" ""name"": ""【七夕节礼物】BOSS博斯 【阿斯顿马丁联名】男士25年冬款牛仔裤""",美食店铺+通识店铺,独有
" ""name"": ""【交个朋友】祖玛珑限定系列夏日覆盆子香水 礼物""",美食店铺+通识店铺,独有
" ""name"": ""【交个朋友】茵芙莎ME自律水乳蜜享盒+170元回购券（效期26.6.1）""",美食店铺+通识店铺,独有
" ""name"": ""【冰感】卡宾男装圆领短袖T恤夏季简约纯色情侣百搭上衣圆领白t""",美食店铺+通识店铺,独有
" ""name"": ""【凉感】TeenieWeenie小熊女装2024夏季新款简约休闲圆领短袖T恤""",美食店铺+通识店铺,独有
" ""name"": ""【凉感系列】LALABOBO25年T恤夏新款女原创潮牌修身短款印花上衣""",美食店铺+通识店铺,独有
" ""name"": ""【同享国补优惠 支付立减15% 】极米落地支架云台版Air（适配极米RS 10、RS 10 Pro、RS 10 mini、RS 10 Plus""",美食店铺+通识店铺,独有
" ""name"": ""【商场同款】莱绅通灵珠宝传世金1855鸢尾花 足金项链黄金吊坠""",美食店铺+通识店铺,独有
" ""name"": ""【商场同款】马拉丁童装裤子25夏装新款褶皱垂坠轻薄百搭萝卜裤""",美食店铺+通识店铺,独有
" ""name"": ""【国家补贴15%】Dyson戴森漫山樱色吹风机粉七夕礼物送女友护发""",美食店铺+通识店铺,独有
" ""name"": ""【国家补贴】联想小新智能投影仪700D家用超高清投影机客厅卧室家庭影院1700CVIA真1080P低蓝光护眼手机投屏""",美食店铺+通识店铺,独有
" ""name"": ""【国补 学生95折】vivo TWS Air3 Pro半入耳蓝牙耳机安卓苹果兼容""",美食店铺+通识店铺,独有
" ""name"": ""【好物体验专享】CHARLES&KEITH CK2-30271398-2波士顿包错拍不发""",美食店铺+通识店铺,独有
" ""name"": ""【官方正品】3CE奶唇泥 唇釉唇彩口红哑光铁锈棕女生礼物 T""",美食店铺+通识店铺,独有
" ""name"": ""【官方正品】资生堂蓝胖子防晒乳液军训户外面部防紫外线防晒礼物""",美食店铺+通识店铺,独有
" ""name"": ""【店播专享福利】欧舒丹白色薰衣草沐浴露身体乳香皂身体套装滋润""",美食店铺+通识店铺,独有
" ""name"": ""【教师节礼物】PARKER/派克IM色彩哲学系列墨水笔热带风情礼盒高端商务办公女士自用送礼礼物定制刻字钢笔""",美食店铺+通识店铺,独有
" ""name"": ""【文俊辉推荐】芭比波朗橘子面霜 妆前乳柔润底霜保湿 卡粉救星""",美食店铺+通识店铺,独有
" ""name"": ""【新品】COACH/蔻驰男女同款COMPASS 35号老花手袋斜挎包单肩包""",美食店铺+通识店铺,独有
" ""name"": ""【新品】MCM TONI迷你菜篮子斜挎包单肩包男女包 通勤七夕礼物""",美食店铺+通识店铺,独有
" ""name"": ""【新品】MONOLOGUE独白北纬三十度复古黄金金刚菩提项链MRV104""",美食店铺+通识店铺,独有
" ""name"": ""【新品】RAPIDO雳霹道2025年早秋男士POLO款式防晒凉感基础短袖""",美食店铺+通识店铺,独有
" ""name"": ""【新品】薇诺娜极润保湿面膜2.0 深层补水滋润敏感肌舒缓修护学生""",美食店铺+通识店铺,独有
" ""name"": ""【新款】木九十眼镜方圆框板材钛金属质感透镜近视镜架MJ12FM1169""",美食店铺+通识店铺,独有
" ""name"": ""【新香上市】帕尔玛之水格调之光系列茉莉香氛1.5ml*1+40元回购券""",美食店铺+通识店铺,独有
" ""name"": ""【早秋新品】MAX&amp;Co.2025早秋新品宽松百搭棉质T恤短袖6946105102""",美食店铺+通识店铺,独有
" ""name"": ""【智能办公助手】科大讯飞AI翻译Pro3录音转写降噪无线蓝牙耳机""",美食店铺+通识店铺,独有
" ""name"": ""【曼卡龙x盗墓笔记】联名款系列s925银项链首饰吊坠收藏款谷子diy""",美食店铺+通识店铺,独有
" ""name"": ""【林依轮直播间】法国娇兰花草水语淡香精玫瑰玫瑰节日礼盒75ml K""",美食店铺+通识店铺,独有
" ""name"": ""【沈梦辰同款】REVAN芮范2025夏季灰色披肩印花连衣裙RL31101158""",美食店铺+通识店铺,独有
" ""name"": ""【百亿补贴】修丽可AGE精华4ml试用礼 30%玻色因溶液紧致修护""",美食店铺+通识店铺,独有
" ""name"": ""【百亿补贴】兰蔻全新舒缓版粉水200ml换季补水保湿滋润爽肤水""",美食店铺+通识店铺,独有
" ""name"": ""【百补】TAKAMI屏障精华水乳液套组神经酰胺修护补水保湿敏感肌""",美食店铺+通识店铺,独有
" ""name"": ""【礼物】TORYBURCH汤丽柏琦T MONOGRAM 迷你老花斜挎酒桶包 82939""",美食店铺+通识店铺,独有
" ""name"": ""【礼物】casio旗舰店BA-110XTM小魔女学生运动手表女卡西欧BABY-G""",美食店铺+通识店铺,独有
" ""name"": ""【立即付尾款】肌肤之钥CPB光缎唇膏钻光方气垫限定版""",美食店铺+通识店铺,独有
" ""name"": ""【蜜蜂惊喜社】阿玛尼红Si迷情挚爱女士香水悸动版花果香调礼物""",美食店铺+通识店铺,独有
" ""name"": ""【设计师品牌BLANCORE】2025夏新款韩系挂脖露背短款波点连衣裙""",美食店铺+通识店铺,独有
" ""name"": ""【赵露思同款】蕉内棉棉500E新款吸水成人大毛巾女款纯棉男款浴巾""",美食店铺+通识店铺,独有
" ""name"": ""【达人直播间】雅诗兰黛智妍胶原美白水乳护肤套装 保湿舒缓修护""",美食店铺+通识店铺,独有
" ""name"": ""【远红外升温】Eland衣恋羽绒服女立领长款羽绒保暖外套冬款""",美食店铺+通识店铺,独有
" ""name"": ""【送礼推荐】MAC/魅可口红礼盒尤雾弹子弹头水漾口红礼物送人""",美食店铺+通识店铺,独有
" ""name"": ""【邓为同款】Dior迪奥变色润唇膏 水润护唇 自然唇色#001 #004""",美食店铺+通识店铺,独有
" ""name"": ""【重磅新品】科颜氏亚马逊白泥隔离乳液妆前乳控油缩毛孔隔离霜""",美食店铺+通识店铺,独有
" ""name"": ""七夕礼物周生生幸福花语玫瑰花黄金戒指足金开口戒手饰72931R""",美食店铺+通识店铺,独有
" ""name"": ""万益蓝蔓越莓女性益生菌乳酸杆菌闪跳口香益生菌口气口腔清新约会""",美食店铺+通识店铺,独有
" ""name"": ""中国珠宝“小黄鱼”美泰乐浇铸金条可溯源投资金条送礼收藏储值""",美食店铺+通识店铺,独有
" ""name"": ""久岁伴儿童内裤女童薄款防滑平角短裤中大童莫代尔透气蚕丝底裆""",美食店铺+通识店铺,独有
" ""name"": ""乐高官方旗舰店正品76191漫威无限手套灭霸积木摆件益智玩具礼物""",美食店铺+通识店铺,独有
" ""name"": ""伽百利Gabriel兔子毛绒公仔玩偶穿裙兔安抚陪伴玩具生日礼物女生""",美食店铺+通识店铺,独有
" ""name"": ""倍轻松头皮按摩器电动头皮按摩爪头部按摩仪全自动按头部抓头神器""",美食店铺+通识店铺,独有
" ""name"": ""全棉时代婴儿棉柔巾专用纯棉超柔乳霜新生儿童宝宝洗脸巾干湿两用""",美食店铺+通识店铺,独有
" ""name"": ""六福珠宝收款马黄金投资金条1g马上有钱七夕礼物计价ERG0006DS""",美食店铺+通识店铺,独有
" ""name"": ""凉感 杰克琼斯Polo衫男士装夏季新款冰丝短袖翻领T恤商务高级爸爸""",美食店铺+通识店铺,独有
" ""name"": ""包小姐与鞋先生2025年秋季新款暮蓝丝绒八芒星平底浅口单鞋253005""",美食店铺+通识店铺,独有
" ""name"": ""北京同仁堂益气养血口服液10支官方正品气血不足气短心悸体虚乏力""",美食店铺+通识店铺,独有
" ""name"": ""华为智慧屏 MateTV丨全新华为智慧屏，大Mate大不同 敬请期待""",美食店铺+通识店铺,独有
" ""name"": ""卡游 哪吒之魔童闹海漫画系列不织布徽章 官方正版哪咤周边胸章""",美食店铺+通识店铺,独有
" ""name"": ""君妍同款百丽小暖炉2代厚底雪地靴女棉鞋加绒保暖短靴D1K2DDD4""",美食店铺+通识店铺,独有
" ""name"": ""周大福弥勒佛福态平安佛公翡翠玉项链吊坠配细黑绳女K62120礼物""",美食店铺+通识店铺,独有
" ""name"": ""基诺浦机能鞋2024年新冬款男女童鞋2级保暖加绒鞋子步前鞋GB2362""",美食店铺+通识店铺,独有
" ""name"": ""大疆 DJI ROMO 扫地机器人 基站集尘袋配件""",美食店铺+通识店铺,独有
" ""name"": ""天美意粗跟厚底增高V口骑士靴长靴女弹力靴高筒时装靴2025冬新款""",美食店铺+通识店铺,独有
" ""name"": ""太平鸟假两件小香风连衣裙夏新款通勤高级感小黑裙套装赫本短裙女""",美食店铺+通识店铺,独有
" ""name"": ""奥佳华筋膜枪肌肉按摩器健身放松电动多功能家用小型按摩枪OG2810""",美食店铺+通识店铺,独有
" ""name"": ""安德玛官方UA春夏Cool Mesh男子轻质训练运动背心6007548""",美食店铺+通识店铺,独有
" ""name"": ""完型 胶囊内裤Ultra速干无痕含桑蚕丝底挡抗菌易清洁女款（6条装""",美食店铺+通识店铺,独有
" ""name"": ""完美日记云纱眼影综合盘新款多色系腮红高光修容一体盘秋冬妆容""",美食店铺+通识店铺,独有
" ""name"": ""小米无线鼠标舒适版小巧便携静音办公家用滑鼠男女笔记本电脑鼠标""",美食店铺+通识店铺,独有
" ""name"": ""巴拉巴拉儿童内裤男童四角短裤棉平角不夹PP宝宝小大童抗菌三条装""",美食店铺+通识店铺,独有
" ""name"": ""德国双立人EcoQuickII不锈钢压力锅6L厨房家用高压锅燃气可调节""",美食店铺+通识店铺,独有
" ""name"": ""德施曼猫眼大屏智能门锁指纹锁密码锁智能锁大圣Q5MPro（标准版）""",美食店铺+通识店铺,独有
" ""name"": ""思加图2025新款雪绒绒复古勃肯鞋大头鞋厚底加绒半拖鞋女EIM02DH5""",美食店铺+通识店铺,独有
" ""name"": ""斯凯奇户外包男女通用2025秋精美大容量时尚实用多功能双肩背包""",美食店铺+通识店铺,独有
" ""name"": ""星期六时尚运动玛丽珍鞋女2025夏季新款软底轻便芭蕾风休闲鞋单鞋""",美食店铺+通识店铺,独有
" ""name"": ""暇步士童鞋儿童运动鞋女童小白鞋新款红色软底跑步暴走学生休闲鞋""",美食店铺+通识店铺,独有
" ""name"": ""曼妮芬舒适无钢圈聚拢抹胸防走光文胸性感蕾丝轻盈女内衣软支撑""",美食店铺+通识店铺,独有
" ""name"": ""李宁越影Element丨 跑步鞋男官方专业减震竞速跑鞋轻便软底运动鞋""",美食店铺+通识店铺,独有
" ""name"": ""欧莱雅小金管小银管防晒隔离霜户外脸部防晒乳SPF50+""",美食店铺+通识店铺,独有
" ""name"": ""歌莉娅衬衫女上衣2025新款夏季通勤穿搭宽松法式工装白色短袖衬衣""",美食店铺+通识店铺,独有
" ""name"": ""正版泡泡玛特dimoo动物世界高级定制临时停车号码牌双面汽车摆件""",美食店铺+通识店铺,独有
" ""name"": ""汤普葛罗秋冬新款街头时尚可拆链条马丁靴拼接系带时装短靴女""",美食店铺+通识店铺,独有
" ""name"": ""沙驰钱包男长款真皮新款男士钱夹头层牛皮青年正品时尚薄款票夹""",美食店铺+通识店铺,独有
" ""name"": ""海马体入学照入园照小升初入学照头像照-A类城市（适用于蓝标店）""",美食店铺+通识店铺,独有
" ""name"": ""特斯拉（Tesla）官方 男士 Tesla Optimus 电子滑步 T恤""",美食店铺+通识店铺,独有
" ""name"": ""王一博同款七夕礼物skg腰部按摩器G7金腰带Ultra护腰带脉冲仪热敷""",美食店铺+通识店铺,独有
" ""name"": ""瑞贝卡假发女二次元日系水母头自然蓬松时尚百搭减龄透气全头套女""",美食店铺+通识店铺,独有
" ""name"": ""福录福录福录随心调色盘-直切琉璃手串合集""",美食店铺+通识店铺,独有
" ""name"": ""羽西鎏金洁面乳深层清洁毛孔氨基酸洗面奶正品女 O""",美食店铺+通识店铺,独有
" ""name"": ""耐克乔丹女子企领针织背心秋季新款短款柔软舒适JORDAN HQ9226""",美食店铺+通识店铺,独有
" ""name"": ""耳语ERYU「精致谢丽尔」破晓耳钉2025新款爆款高级感925银耳饰女""",美食店铺+通识店铺,独有
" ""name"": ""舒福德都市简约S100智能床AI小舒智睡生态多功能按摩升降睡眠监测""",美食店铺+通识店铺,独有
" ""name"": ""英氏儿童纯棉内裤四角男童女童男宝宝中大童平角打底短裤不夹屁屁""",美食店铺+通识店铺,独有
" ""name"": ""英琪夏日时尚八字刘海假发女微卷中长卷发真发自然网红大波浪发型""",美食店铺+通识店铺,独有
" ""name"": ""蒋奇明同款哥伦比亚户外男女防水抓地耐磨旅行运动野营徒步登山鞋""",美食店铺+通识店铺,独有
" ""name"": ""诗普琳足金 黄金肖邦链百搭素金链锁骨颈饰配饰简约百搭项链""",美食店铺+通识店铺,独有
" ""name"": ""赵昭仪明星同款BSiEE本涩25夏新苎麻米色衬衫女背心松弛感阔腿裤""",美食店铺+通识店铺,独有
" ""name"": ""适用于东风风行景逸S50EV/S60EV后视镜总成/后视镜片/倒车镜后壳""",美食店铺+通识店铺,独有
" ""name"": ""速写男装秋冬新款休闲针织裤宽松弯刀裤高弹休闲潮男士长裤时尚""",美食店铺+通识店铺,独有
" ""name"": ""阿吉豆贝雷帽女款秋冬保暖2024新款线下专柜同款美拉德绵羊毛帽子""",美食店铺+通识店铺,独有
" ""name"": ""雅赞睡衣短袖套装柔软亲肤睡衣套装简约天丝兰精可外穿家居服套装""",美食店铺+通识店铺,独有
" ""name"": ""飞利浦电动牙刷头适配S全系列替换hx2025/35清洁亮白官方原装正品""",美食店铺+通识店铺,独有
" ""name"": ""黛珂牛油果植萃乳液150mL保湿紧致弹润控油""",美食店铺+通识店铺,独有
" ""score"": 3.5",美食店铺+通识店铺,独有
" ""store_id"": 84018",美食店铺+通识店铺,独有
1,美食店铺+通识店铺,独有
EDMI PATISSERIE,美食店铺+通识店铺,独有
M-STAND,美食店铺+通识店铺,独有
O’EAT,美食店铺+通识店铺,独有
PUTOTO,美食店铺+通识店铺,独有
UOUO YOGE希腊酸奶,美食店铺+通识店铺,独有
YEE3,美食店铺+通识店铺,独有
seesaw,美食店铺+通识店铺,独有
uniboba,美食店铺+通识店铺,独有
一只酸奶牛,美食店铺+通识店铺,独有
一绪寿喜烧,美食店铺+通识店铺,独有
京绣川,美食店铺+通识店铺,独有
佟源记,美食店铺+通识店铺,独有
六市口,美食店铺+通识店铺,独有
兰湘子,美食店铺+通识店铺,独有
唐糕祖,美食店铺+通识店铺,独有
妙妙梅,美食店铺+通识店铺,独有
库迪咖啡,美食店铺+通识店铺,独有
徐叨叨,美食店铺+通识店铺,独有
"情侣,家人,朋友,一个人",美食店铺+通识店铺,独有
村上一屋,美食店铺+通识店铺,独有
果雨吧,美食店铺+通识店铺,独有
柠季,美食店铺+通识店铺,独有
栗子来了,美食店铺+通识店铺,独有
栗记仙豆糕,美食店铺+通识店铺,独有
沪上阿姨,美食店铺+通识店铺,独有
浮光之丘,美食店铺+通识店铺,独有
满巍明,美食店铺+通识店铺,独有
火啫啫,美食店铺+通识店铺,独有
炉小哥,美食店铺+通识店铺,独有
王春春鸡汤饭,美食店铺+通识店铺,独有
玩米匠,美食店铺+通识店铺,独有
瑞幸咖啡,美食店铺+通识店铺,独有
益禾堂,美食店铺+通识店铺,独有
眷茶,美食店铺+通识店铺,独有
礼部·新京菜中国茶,美食店铺+通识店铺,独有
米缇尼,美食店铺+通识店铺,独有
老韩煸鸡,美食店铺+通识店铺,独有
花千代,美食店铺+通识店铺,独有
茉莉奶白,美食店铺+通识店铺,独有
茶百道,美食店铺+通识店铺,独有
薛记炒货,美食店铺+通识店铺,独有
虎丫炒鸡,美食店铺+通识店铺,独有
詹记,美食店铺+通识店铺,独有
鉴茶有方,美食店铺+通识店铺,独有
阿上,美食店铺+通识店铺,独有
阿平牛杂,美食店铺+通识店铺,独有
阿甘锅盔,美食店铺+通识店铺,独有
霸王茶姬,美食店铺+通识店铺,独有
麦焙乐,美食店铺+通识店铺,独有
麦陌,美食店铺+通识店铺,独有
23°不太冷椰子鸡,共同,共同
B＆C,共同,共同
DQ,共同,共同
K22,共同,共同
MACAROOOO,共同,共同
NEED,共同,共同
SOONSOO CHICKEN,共同,共同
TIPTOP,共同,共同
VOLAGELATAO,共同,共同
一个贝果,共同,共同
一起凉皮吧,共同,共同
乐乐姐超级土豆,共同,共同
九十葉,共同,共同
九色云,共同,共同
京妹老北京炸酱面,共同,共同
八寸,共同,共同
兰熊鲜奶,共同,共同
南京大牌档,共同,共同
卤山川,共同,共同
古早万丹,共同,共同
周黑鸭,共同,共同
和米堂,共同,共同
喜乐,共同,共同
嘉士利,共同,共同
坝子里菌菇鸡汤饭,共同,共同
大叹号延边烤肉,共同,共同
大树餐厅,共同,共同
太二酸菜鱼,共同,共同
太子浓心,共同,共同
奇檬子,共同,共同
好彩猪肚鸡,共同,共同
姐弟俩土豆粉,共同,共同
安三胖,共同,共同
就是柠,共同,共同
山云树,共同,共同
山缓缓,共同,共同
山间晓厨,共同,共同
岛姜家,共同,共同
巴奴,共同,共同
廖记棒棒鸡,共同,共同
怡满分糖水铺,共同,共同
星姨糖水,共同,共同
曼玉,共同,共同
有堂古,共同,共同
朴饱饱,共同,共同
极拉图,共同,共同
柠檬向右,共同,共同
欢囍花生,共同,共同
泰芮珠打抛饭,共同,共同
泰香米,共同,共同
湊湊,共同,共同
潮味馆,共同,共同
热热热干面,共同,共同
煎饼道,共同,共同
熹物煮物,共同,共同
爷爷不泡茶,共同,共同
牧寻脯,共同,共同
王繁星面馆,共同,共同
用心,共同,共同
用心外摆,共同,共同
白石烧鸟,共同,共同
福前小酥肉,共同,共同
米村拌饭,共同,共同
红薯软软,共同,共同
老盐季,共同,共同
肉肉大米,共同,共同
胖哥俩,共同,共同
胡子大厨,共同,共同
苏小蟹,共同,共同
茉酸奶,共同,共同
荣先森,共同,共同
蒲公英,共同,共同
蔡澜点心,共同,共同
薇薇安,共同,共同
裕莲茶楼,共同,共同
豆捞坊,共同,共同
贝塔太空局,共同,共同
费大厨,共同,共同
趁热集合,共同,共同
连杏,共同,共同
那时新疆,共同,共同
野果,共同,共同
阿三生煎,共同,共同
陈麻婆,共同,共同
雾与山茶,共同,共同
鲍师傅糕点,共同,共同
鲜芋仙,共同,共同
麒麟大口茶,共同,共同
麦记牛奶公司,共同,共同
麻六记酸辣粉,共同,共同
